name,datetime,sunrise,sunset,temp,tempmax,tempmin,feelslike,humidity,windspeed,cloudcover,visibility,precipprob
Semenyih,1/1/2022,2022-01-01T07:17:28,2022-01-01T19:14:41,25.9,30,23.5,27.2,89.5,11.2,48.7,8.7,100
Semenyih,2/1/2022,2022-01-02T07:17:55,2022-01-02T19:15:11,25,27.3,24,25.3,93.7,9.9,49.9,8.1,100
Semenyih,3/1/2022,2022-01-03T07:18:22,2022-01-03T19:15:40,25.4,28.3,23.9,26.5,91.5,8.1,46.2,8.5,100
Semenyih,4/1/2022,2022-01-04T07:18:48,2022-01-04T19:16:08,26.9,32.2,24,28.9,84.8,13,45,8.9,100
Semenyih,5/1/2022,2022-01-05T07:19:14,2022-01-05T19:16:37,26.9,32,24.3,28.9,85.1,13.5,45,9.2,100
Semenyih,6/1/2022,2022-01-06T07:19:39,2022-01-06T19:17:05,28,33,24,30.9,79.7,13,39.2,10,0
Semenyih,7/1/2022,2022-01-07T07:20:03,2022-01-07T19:17:33,28.1,33,25,31.5,80.5,12.3,39.8,9.4,100
Semenyih,8/1/2022,2022-01-08T07:20:27,2022-01-08T19:18:00,28.7,34,25,31.7,75.2,17.4,41.6,9.6,0
Semenyih,9/1/2022,2022-01-09T07:20:51,2022-01-09T19:18:27,28.6,33.8,25.1,32.1,78.7,13.6,39.6,9.9,100
Semenyih,10/1/2022,2022-01-10T07:21:13,2022-01-10T19:18:54,28.4,33.2,26,31.4,77.3,11.1,38.8,9.8,100
Semenyih,11/1/2022,2022-01-11T07:21:35,2022-01-11T19:19:20,27.6,32,24.3,29.6,79,8.1,37.6,9.4,100
Semenyih,12/1/2022,2022-01-12T07:21:57,2022-01-12T19:19:45,28.1,34,24,29.8,71,12.9,37.1,9.8,0
Semenyih,13/1/2022,2022-01-13T07:22:18,2022-01-13T19:20:10,28.4,33.7,24.6,29.8,64.3,15.6,37.1,10,100
Semenyih,14/1/2022,2022-01-14T07:22:38,2022-01-14T19:20:35,28.1,33.3,23.7,29.5,65.9,12.3,37,9.9,100
Semenyih,15/1/2022,2022-01-15T07:22:57,2022-01-15T19:20:59,28.5,33.8,24.7,30.5,65.2,12.9,37,10,0
Semenyih,16/1/2022,2022-01-16T07:23:16,2022-01-16T19:21:22,28.5,34,23.9,31,70.9,16.3,40.2,10,0
Semenyih,17/1/2022,2022-01-17T07:23:33,2022-01-17T19:21:45,28.5,33.8,24.4,31.7,74.8,13,41.6,9.8,0
Semenyih,18/1/2022,2022-01-18T07:23:50,2022-01-18T19:22:07,27.6,31.4,24.3,29.8,77.2,13,40.1,9.9,100
Semenyih,19/1/2022,2022-01-19T07:24:07,2022-01-19T19:22:28,27.3,32.2,23.6,28.6,76,11.8,40.9,9.5,100
Semenyih,20/1/2022,2022-01-20T07:24:22,2022-01-20T19:22:49,27.6,33,23.3,29.7,77.4,8.7,40.2,9.3,100
Semenyih,21/1/2022,2022-01-21T07:24:37,2022-01-21T19:23:09,27.9,33.6,23.3,30.4,76.2,10,39.6,9.8,100
Semenyih,22/1/2022,2022-01-22T07:24:51,2022-01-22T19:23:29,26.9,31,23.4,28.6,83.1,12.3,42.1,9.5,100
Semenyih,23/1/2022,2022-01-23T07:25:03,2022-01-23T19:23:48,28,32.7,24.7,30.4,78.9,13,39.7,9.2,100
Semenyih,24/1/2022,2022-01-24T07:25:16,2022-01-24T19:24:06,27.4,32,25,29.7,81.3,13,40.3,9.5,0
Semenyih,25/1/2022,2022-01-25T07:25:27,2022-01-25T19:24:23,26.7,31.3,24,28.4,83.9,11.7,43.3,9.2,100
Semenyih,26/1/2022,2022-01-26T07:25:37,2022-01-26T19:24:40,27.5,33,24.3,29.7,81.3,11.1,37.3,8.9,0
Semenyih,27/1/2022,2022-01-27T07:25:47,2022-01-27T19:24:56,27.6,33.8,23.4,30,79.6,11.7,37.2,9.3,100
Semenyih,28/1/2022,2022-01-28T07:25:55,2022-01-28T19:25:11,27.4,33.8,23.3,29.3,79.6,17.5,39.3,9.3,100
Semenyih,29/1/2022,2022-01-29T07:26:03,2022-01-29T19:25:25,28.2,34,24.4,30.9,76.2,14.1,39.3,9.5,0
Semenyih,30/1/2022,2022-01-30T07:26:10,2022-01-30T19:25:39,27.7,32.3,25.3,30.5,80.6,13.6,39.4,9.6,100
Semenyih,31/1/2022,2022-01-31T07:26:16,2022-01-31T19:25:52,27.9,33,24.6,30.8,79.9,11.7,44.7,9,100
Semenyih,1/2/2022,2022-02-01T07:26:21,2022-02-01T19:26:04,28.1,33,25,31.1,78.9,12.3,44.3,9.6,100
Semenyih,2/2/2022,2022-02-02T07:26:25,2022-02-02T19:26:15,27.8,33.3,24.3,30.1,78.1,11.1,39.7,9.7,100
Semenyih,3/2/2022,2022-02-03T07:26:29,2022-02-03T19:26:26,28,34,24.7,29.9,76.1,11.7,41.6,9.9,100
Semenyih,4/2/2022,2022-02-04T07:26:31,2022-02-04T19:26:36,28.7,34.7,24.6,30.9,72.1,19.2,40.6,10,100
Semenyih,5/2/2022,2022-02-05T07:26:33,2022-02-05T19:26:45,27.9,33,23.9,30,75.5,19.9,41.4,9.7,100
Semenyih,6/2/2022,2022-02-06T07:26:34,2022-02-06T19:26:53,26.9,30.3,25,29,84.4,14.8,41.2,9.3,100
Semenyih,7/2/2022,2022-02-07T07:26:33,2022-02-07T19:27:01,28.1,33.3,25,30.7,78.8,14.1,40,9.7,0
Semenyih,8/2/2022,2022-02-08T07:26:32,2022-02-08T19:27:07,27.3,30.8,24,29.7,78.7,10.5,38.8,9.8,100
Semenyih,9/2/2022,2022-02-09T07:26:31,2022-02-09T19:27:13,27.1,31,24.3,29.2,82.7,9.9,42.8,9.7,100
Semenyih,10/2/2022,2022-02-10T07:26:28,2022-02-10T19:27:19,25.4,26.3,24.3,25.4,91.9,7.6,48.8,8.3,100
Semenyih,11/2/2022,2022-02-11T07:26:24,2022-02-11T19:27:23,26.2,29.7,23.9,27.5,85.6,10.6,40.4,8.5,100
Semenyih,12/2/2022,2022-02-12T07:26:20,2022-02-12T19:27:27,27.2,33.7,23,29.4,78.8,14.8,41.4,9.4,0
Semenyih,13/2/2022,2022-02-13T07:26:15,2022-02-13T19:27:30,27.3,31.7,24.3,29.4,82.2,18.1,45.3,9.6,0
Semenyih,14/2/2022,2022-02-14T07:26:09,2022-02-14T19:27:32,28,32.3,24.9,30.4,78.6,12.3,44.6,9.7,100
Semenyih,15/2/2022,2022-02-15T07:26:02,2022-02-15T19:27:34,28.6,34,23.3,31.8,75.4,13.6,40.7,9.9,100
Semenyih,16/2/2022,2022-02-16T07:25:55,2022-02-16T19:27:35,28.4,33,24.3,31.2,75.8,14.2,38.8,9.7,100
Semenyih,17/2/2022,2022-02-17T07:25:47,2022-02-17T19:27:35,27.8,33.3,23.9,29.4,73.5,9.3,40.4,9.5,100
Semenyih,18/2/2022,2022-02-18T07:25:38,2022-02-18T19:27:35,28.9,34,24.5,32,73.2,9.9,38,10,0
Semenyih,19/2/2022,2022-02-19T07:25:28,2022-02-19T19:27:34,28.9,33.6,25.4,31.6,74.4,10,37.1,9.4,0
Semenyih,20/2/2022,2022-02-20T07:25:18,2022-02-20T19:27:32,28.2,33.6,25,30.7,77.3,13.6,41.7,9.4,0
Semenyih,21/2/2022,2022-02-21T07:25:07,2022-02-21T19:27:30,27.5,34,24.3,29.1,79.7,13,42.1,9.6,100
Semenyih,22/2/2022,2022-02-22T07:24:55,2022-02-22T19:27:27,27.5,34.1,23.3,29.2,77.7,12.3,39.5,9.8,100
Semenyih,23/2/2022,2022-02-23T07:24:43,2022-02-23T19:27:23,27.5,34,24,29.4,80.6,11.8,44.5,8.9,100
Semenyih,24/2/2022,2022-02-24T07:24:29,2022-02-24T19:27:19,25.8,28,24.2,26.6,88.7,10.5,43.9,9,100
Semenyih,25/2/2022,2022-02-25T07:24:16,2022-02-25T19:27:14,26.5,32,23.9,28.2,85.2,13.6,42.8,9,100
Semenyih,26/2/2022,2022-02-26T07:24:01,2022-02-26T19:27:09,26.2,29.7,24,28,87.7,12.9,42.9,9.5,100
Semenyih,27/2/2022,2022-02-27T07:23:47,2022-02-27T19:27:03,26.4,30.8,24.3,27.9,87.1,10.5,47.2,8.9,100
Semenyih,28/2/2022,2022-02-28T07:23:31,2022-02-28T19:26:57,27.8,33.6,24,30.6,78.5,14.8,37.6,10,100
Semenyih,1/3/2022,2022-03-01T07:23:15,2022-03-01T19:26:50,27,32,25,28.8,83.7,12.9,42,9.4,100
Semenyih,2/3/2022,2022-03-02T07:22:59,2022-03-02T19:26:43,27.8,33.1,24.9,29.9,79.7,13,41.5,10,100
Semenyih,3/3/2022,2022-03-03T07:22:41,2022-03-03T19:26:35,27.3,33,24,29.3,81.8,14.1,44.6,9.3,100
Semenyih,4/3/2022,2022-03-04T07:22:24,2022-03-04T19:26:27,26.8,31.2,24.3,28.8,85.9,10,47,8.8,100
Semenyih,5/3/2022,2022-03-05T07:22:06,2022-03-05T19:26:18,25.6,30.7,24,26.7,90.8,16.6,42.7,9.1,100
Semenyih,6/3/2022,2022-03-06T07:21:47,2022-03-06T19:26:09,25.8,30.3,23,27.2,88.1,9.1,42.1,9.4,100
Semenyih,7/3/2022,2022-03-07T07:21:29,2022-03-07T19:26:00,26.5,31,24.9,28.3,87.8,12.3,46.5,9.4,100
Semenyih,8/3/2022,2022-03-08T07:21:09,2022-03-08T19:25:50,26.8,31.3,23.9,28.7,85.6,10.6,43.7,9.4,100
Semenyih,9/3/2022,2022-03-09T07:20:50,2022-03-09T19:25:40,28.3,33.3,24.7,31.6,79,11.1,40.2,9.6,0
Semenyih,10/3/2022,2022-03-10T07:20:29,2022-03-10T19:25:29,28.2,32.3,24.1,31.8,79.7,13.5,41.6,9.7,100
Semenyih,11/3/2022,2022-03-11T07:20:09,2022-03-11T19:25:18,28.8,32,25.3,32.7,78.1,11.8,40.2,9.9,100
Semenyih,12/3/2022,2022-03-12T07:19:48,2022-03-12T19:25:07,28.4,34,25.3,32,81.2,14.2,42,9.7,100
Semenyih,13/3/2022,2022-03-13T07:19:27,2022-03-13T19:24:56,28.4,32.7,25.3,32.3,82,10.6,40.3,8.7,100
Semenyih,14/3/2022,2022-03-14T07:19:06,2022-03-14T19:24:44,28.8,32.8,26.2,33.4,79.7,12.9,39.7,9,100
Semenyih,15/3/2022,2022-03-15T07:18:44,2022-03-15T19:24:32,28,32.7,25,31.1,82,11.1,40.8,8.9,0
Semenyih,16/3/2022,2022-03-16T07:18:23,2022-03-16T19:24:20,27.8,32.3,25,30.8,82.1,10,41.9,9.3,100
Semenyih,17/3/2022,2022-03-17T07:18:01,2022-03-17T19:24:08,28,32.3,25,31.3,82.7,10.5,42.1,9.3,100
Semenyih,18/3/2022,2022-03-18T07:17:38,2022-03-18T19:23:55,27.7,32.7,24,30.8,82.5,10,44.7,9.4,100
Semenyih,19/3/2022,2022-03-19T07:17:16,2022-03-19T19:23:43,29.9,34,26.3,33.2,68,10.6,37.1,10.1,0
Semenyih,20/3/2022,2022-03-20T07:16:53,2022-03-20T19:23:30,29.7,32.4,26.7,34.4,72.8,12.9,38.8,10,0
Semenyih,21/3/2022,2022-03-21T07:16:31,2022-03-21T19:23:17,29.1,33,25.7,32.7,74.5,11.8,37.9,10,0
Semenyih,22/3/2022,2022-03-22T07:16:08,2022-03-22T19:23:04,29.4,32.9,26.3,34,75.4,12.3,39.4,9.8,0
Semenyih,23/3/2022,2022-03-23T07:15:45,2022-03-23T19:22:51,29.5,34,26.3,34,74.3,12.3,38.8,9.5,0
Semenyih,24/3/2022,2022-03-24T07:15:22,2022-03-24T19:22:38,29.2,33.8,26,33.3,75.9,12.9,41,9.7,100
Semenyih,25/3/2022,2022-03-25T07:14:59,2022-03-25T19:22:25,29.1,34.5,25.8,33.1,77.2,11.7,38.8,9.3,100
Semenyih,26/3/2022,2022-03-26T07:14:36,2022-03-26T19:22:11,29.1,33.5,26,33.7,78,14.7,39,9.4,100
Semenyih,27/3/2022,2022-03-27T07:14:13,2022-03-27T19:21:58,29.4,34,25.7,34,76.6,17.2,40.8,9.5,100
Semenyih,28/3/2022,2022-03-28T07:13:50,2022-03-28T19:21:45,30.3,35.8,26,35.8,74.2,19,41,9.9,0
Semenyih,29/3/2022,2022-03-29T07:13:27,2022-03-29T19:21:32,28.3,33.1,24.7,32.2,79.2,18.4,43.2,10,100
Semenyih,30/3/2022,2022-03-30T07:13:04,2022-03-30T19:21:19,28.6,34.7,24.3,32.3,79.4,15.4,41,10,100
Semenyih,31/3/2022,2022-03-31T07:12:41,2022-03-31T19:21:06,28.3,32.7,24,31.1,75.9,16.6,39.4,9.7,100
Semenyih,1/4/2022,2022-04-01T07:12:19,2022-04-01T19:20:53,29.2,34.9,25,32.8,75.2,15.4,39.9,9.9,0
Semenyih,2/4/2022,2022-04-02T07:11:56,2022-04-02T19:20:40,29,33.2,26,33.1,75.7,13.5,43.6,9.9,0
Semenyih,3/4/2022,2022-04-03T07:11:34,2022-04-03T19:20:27,28,32.7,25,30.8,78.5,15.9,41.1,9.9,100
Semenyih,4/4/2022,2022-04-04T07:11:11,2022-04-04T19:20:15,28.2,31.7,25,31.3,78.4,10.6,39.9,10,100
Semenyih,5/4/2022,2022-04-05T07:10:49,2022-04-05T19:20:02,27.3,31.7,25,29.6,82.5,10.6,40.1,9.5,100
Semenyih,6/4/2022,2022-04-06T07:10:27,2022-04-06T19:19:50,28.5,33.7,24.3,31.2,74.4,16.6,41.7,9.3,0
Semenyih,7/4/2022,2022-04-07T07:10:05,2022-04-07T19:19:38,27.3,32.7,25,29.3,80.1,14.2,44.6,9.5,0
Semenyih,8/4/2022,2022-04-08T07:09:44,2022-04-08T19:19:26,28.2,33.3,25,31.2,77.8,13.6,41,9.5,100
Semenyih,9/4/2022,2022-04-09T07:09:22,2022-04-09T19:19:15,27.6,31.3,24.3,30.6,80.1,11.1,42.5,9.6,100
Semenyih,10/4/2022,2022-04-10T07:09:01,2022-04-10T19:19:04,28.4,32.7,24.7,32.2,79.6,14.8,40.4,9.6,100
Semenyih,11/4/2022,2022-04-11T07:08:41,2022-04-11T19:18:53,27.5,31,25,30.5,84.7,9.3,43.4,9.4,0
Semenyih,12/4/2022,2022-04-12T07:08:20,2022-04-12T19:18:42,28.3,33.3,25,32.1,81.9,13.6,40.5,9.5,100
Semenyih,13/4/2022,2022-04-13T07:08:00,2022-04-13T19:18:31,28.1,33,25.3,32.1,83.6,10.5,39.9,9.5,0
Semenyih,14/4/2022,2022-04-14T07:07:40,2022-04-14T19:18:21,27.9,31,25.3,32.1,86.5,14.2,41,8.8,0
Semenyih,15/4/2022,2022-04-15T07:07:21,2022-04-15T19:18:11,28.5,33.8,25.3,32.6,81.3,15.4,40.8,9.4,0
Semenyih,16/4/2022,2022-04-16T07:07:02,2022-04-16T19:18:02,28.9,33.4,25.3,33.5,80,11.1,40.1,9.3,100
Semenyih,17/4/2022,2022-04-17T07:06:43,2022-04-17T19:17:52,27.8,30.7,26,31.4,85.7,9.9,38.8,9.3,0
Semenyih,18/4/2022,2022-04-18T07:06:25,2022-04-18T19:17:44,27.4,32.3,24,29.8,86.4,14.1,43,7.7,100
Semenyih,19/4/2022,2022-04-19T07:06:07,2022-04-19T19:17:35,27.7,33.4,25.3,30.1,84.7,12.3,44.1,8.1,100
Semenyih,20/4/2022,2022-04-20T07:05:49,2022-04-20T19:17:27,27.7,33.3,25,29.8,82.9,12.3,44.3,8.5,100
Semenyih,21/4/2022,2022-04-21T07:05:32,2022-04-21T19:17:19,27.4,31.3,24.3,29.6,82.7,8.1,40.1,9.3,0
Semenyih,22/4/2022,2022-04-22T07:05:16,2022-04-22T19:17:12,28.8,34.7,25.3,32.7,79.6,11.7,42.2,9.8,100
Semenyih,23/4/2022,2022-04-23T07:05:00,2022-04-23T19:17:05,28.8,34,25.7,32.5,78.7,14.7,44.3,9.5,100
Semenyih,24/4/2022,2022-04-24T07:04:44,2022-04-24T19:16:59,28.6,33.4,25.7,32.3,79.7,12.4,42.9,9.8,100
Semenyih,25/4/2022,2022-04-25T07:04:29,2022-04-25T19:16:53,27.7,33.3,25,30.6,83.4,12.4,41,9.6,100
Semenyih,26/4/2022,2022-04-26T07:04:15,2022-04-26T19:16:47,28.8,33.4,25,32.7,79.1,8.2,40.7,9.6,100
Semenyih,27/4/2022,2022-04-27T07:04:01,2022-04-27T19:16:42,28.9,34,25.2,32.8,79.4,13,41.8,9.3,100
Semenyih,28/4/2022,2022-04-28T07:03:47,2022-04-28T19:16:38,28.6,33.3,25.3,32.7,83.4,13.5,46,9.3,100
Semenyih,29/4/2022,2022-04-29T07:03:34,2022-04-29T19:16:33,28.9,34,25,33.1,80.6,12.9,40.1,9.2,100
Semenyih,30/4/2022,2022-04-30T07:03:22,2022-04-30T19:16:30,29.1,33.7,26,33.9,79.4,10.6,40.8,9.6,0
Semenyih,1/5/2022,2022-05-01T07:03:10,2022-05-01T19:16:27,27.8,31.1,25,31.7,85.4,11.1,44,9.5,100
Semenyih,2/5/2022,2022-05-02T07:02:59,2022-05-02T19:16:24,28,32,25,31.5,82.4,11.7,40.9,9.1,100
Semenyih,3/5/2022,2022-05-03T07:02:48,2022-05-03T19:16:22,27,31.4,24,29.9,85.4,10.5,46.9,9,100
Semenyih,4/5/2022,2022-05-04T07:02:38,2022-05-04T19:16:20,28.3,32,25.5,32,81.9,7.3,41.5,9.5,0
Semenyih,5/5/2022,2022-05-05T07:02:28,2022-05-05T19:16:19,29.3,32.7,26.6,34.2,76.7,13,40.7,10,0
Semenyih,6/5/2022,2022-05-06T07:02:19,2022-05-06T19:16:18,29,32.3,25.7,33.7,78.1,17.2,40.5,9.9,100
Semenyih,7/5/2022,2022-05-07T07:02:11,2022-05-07T19:16:18,28.3,31.7,24,32.3,79.2,19.8,42.1,9.6,0
Semenyih,8/5/2022,2022-05-08T07:02:04,2022-05-08T19:16:18,28.3,32.3,24.2,32.2,79.5,14.2,43.6,9.7,100
Semenyih,9/5/2022,2022-05-09T07:01:57,2022-05-09T19:16:19,29.5,33,27,35,76.5,15.4,39.4,10.1,0
Semenyih,10/5/2022,2022-05-10T07:01:50,2022-05-10T19:16:21,30.3,34.7,25.7,35.6,73.1,14.8,37.5,10,0
Semenyih,11/5/2022,2022-05-11T07:01:44,2022-05-11T19:16:23,28.9,32,25.1,33.1,76.7,15.4,42.4,10,100
Semenyih,12/5/2022,2022-05-12T07:01:39,2022-05-12T19:16:25,29.9,34,26.3,35.4,76,15.9,40.4,9.8,0
Semenyih,13/5/2022,2022-05-13T07:01:35,2022-05-13T19:16:28,29.4,34.3,25.7,34.4,77.8,11.8,39.4,9.8,100
Semenyih,14/5/2022,2022-05-14T07:01:31,2022-05-14T19:16:31,29.5,33.7,26.3,34.9,78.7,11.1,40.5,9.3,100
Semenyih,15/5/2022,2022-05-15T07:01:28,2022-05-15T19:16:35,29.1,32.7,26.9,34.8,80.5,11.1,41.1,9.6,100
Semenyih,16/5/2022,2022-05-16T07:01:25,2022-05-16T19:16:40,26.1,29.3,24.3,27.9,90.2,18.4,44.8,8.4,100
Semenyih,17/5/2022,2022-05-17T07:01:23,2022-05-17T19:16:45,28.3,34,24,31.5,77.3,9.3,38.5,10,0
Semenyih,18/5/2022,2022-05-18T07:01:22,2022-05-18T19:16:50,29.1,32.7,26,33.3,77.6,11.1,38.8,9.7,0
Semenyih,19/5/2022,2022-05-19T07:01:21,2022-05-19T19:16:56,28.5,33.3,25.9,32.2,78.8,14.8,40.3,9.3,0
Semenyih,20/5/2022,2022-05-20T07:01:21,2022-05-20T19:17:02,29.8,34.3,26,34.9,75.4,12.9,39.1,9.2,0
Semenyih,21/5/2022,2022-05-21T07:01:21,2022-05-21T19:17:09,29.8,34.3,25.3,33.9,73.9,13.6,40.6,9.6,0
Semenyih,22/5/2022,2022-05-22T07:01:22,2022-05-22T19:17:16,29,33.7,25.2,33.1,77.8,11.2,39.8,9.7,100
Semenyih,23/5/2022,2022-05-23T07:01:24,2022-05-23T19:17:24,29.1,33,26.7,34.3,79.3,11.7,39.8,10,0
Semenyih,24/5/2022,2022-05-24T07:01:26,2022-05-24T19:17:32,28.9,34,25.9,32.4,79.3,13.8,40.1,9.7,100
Semenyih,25/5/2022,2022-05-25T07:01:29,2022-05-25T19:17:41,25.2,27,23.3,25.6,91.2,14.8,47.8,8.3,100
Semenyih,26/5/2022,2022-05-26T07:01:33,2022-05-26T19:17:50,27.3,32.3,23.3,30.4,81.9,12.9,36.6,9.6,0
Semenyih,27/5/2022,2022-05-27T07:01:37,2022-05-27T19:17:59,29,33.8,26,32.4,78,16,38.1,9.5,100
Semenyih,28/5/2022,2022-05-28T07:01:41,2022-05-28T19:18:09,28.5,33.3,24.8,31.9,78.7,11.1,38.1,9.9,100
Semenyih,29/5/2022,2022-05-29T07:01:46,2022-05-29T19:18:19,29.3,34.5,25,32.7,75,11.8,41.4,9.7,0
Semenyih,30/5/2022,2022-05-30T07:01:52,2022-05-30T19:18:30,29.7,35,25.3,33.5,72.5,11.2,38.1,9.9,0
Semenyih,31/5/2022,2022-05-31T07:01:58,2022-05-31T19:18:40,29.8,34.7,25.7,33.4,73,14.7,39.4,10,0
Semenyih,1/6/2022,2022-06-01T07:02:05,2022-06-01T19:18:52,29.7,34.3,26,34.1,74.6,13.5,39.8,9.9,0
Semenyih,2/6/2022,2022-06-02T07:02:12,2022-06-02T19:19:03,29.2,33.3,26,34,77.6,11.2,40.7,9.8,0
Semenyih,3/6/2022,2022-06-03T07:02:20,2022-06-03T19:19:15,28.9,32.3,25,32.3,74.6,11.1,39.4,9.9,0
Semenyih,4/6/2022,2022-06-04T07:02:28,2022-06-04T19:19:27,27.9,32.3,24.3,31,79.6,15.4,42.1,9.5,100
Semenyih,5/6/2022,2022-06-05T07:02:36,2022-06-05T19:19:39,27.4,30.3,25.3,29.4,80.4,13,38.4,9.8,100
Semenyih,6/6/2022,2022-06-06T07:02:45,2022-06-06T19:19:51,28.6,32.7,25,31.8,77.2,12.3,38.6,9.6,0
Semenyih,7/6/2022,2022-06-07T07:02:55,2022-06-07T19:20:04,28,30.6,26,31.8,82.7,9.4,40.3,9.3,100
Semenyih,8/6/2022,2022-06-08T07:03:05,2022-06-08T19:20:17,27.4,31.4,24.9,30.1,85,11.2,40.4,8.3,100
Semenyih,9/6/2022,2022-06-09T07:03:15,2022-06-09T19:20:30,27.2,32.3,24,29.4,85.2,11,45,9.3,100
Semenyih,10/6/2022,2022-06-10T07:03:25,2022-06-10T19:20:43,28,32.7,24.3,31.3,81.8,15.9,40.6,9.3,100
Semenyih,11/6/2022,2022-06-11T07:03:36,2022-06-11T19:20:56,26.2,28.7,24,27.7,89.1,10,46.6,8.9,100
Semenyih,12/6/2022,2022-06-12T07:03:47,2022-06-12T19:21:09,27.1,32,23,29.6,81.7,12.9,37.1,9.6,100
Semenyih,13/6/2022,2022-06-13T07:03:59,2022-06-13T19:21:23,27.8,33.1,25.2,30.4,83.1,13.6,43.5,9.5,100
Semenyih,14/6/2022,2022-06-14T07:04:10,2022-06-14T19:21:36,27.2,31.7,24.3,29.4,82.3,12.3,40.3,9.3,100
Semenyih,15/6/2022,2022-06-15T07:04:22,2022-06-15T19:21:50,26.7,31,25,28.5,84.6,14.8,40.8,9.2,100
Semenyih,16/6/2022,2022-06-16T07:04:35,2022-06-16T19:22:03,27.9,32.3,24.3,30.8,77.6,12.3,40.3,9.8,0
Semenyih,17/6/2022,2022-06-17T07:04:47,2022-06-17T19:22:17,26.8,31.7,24.9,28.6,85.9,12.4,44,9.2,100
Semenyih,18/6/2022,2022-06-18T07:05:00,2022-06-18T19:22:30,26.8,32.7,24,29,84.4,11.7,41.5,8.9,100
Semenyih,19/6/2022,2022-06-19T07:05:12,2022-06-19T19:22:43,27.5,32,23.3,30.5,82.5,13.5,41.8,9.6,100
Semenyih,20/6/2022,2022-06-20T07:05:25,2022-06-20T19:22:56,26.7,29.3,25,28.3,85.9,8.4,43.6,9.5,100
Semenyih,21/6/2022,2022-06-21T07:05:38,2022-06-21T19:23:10,27.7,32.2,23.7,30.6,80.3,11.1,39.1,9.4,0
Semenyih,22/6/2022,2022-06-22T07:05:51,2022-06-22T19:23:23,26.9,30.3,23,28.9,83.6,7.9,44.7,9,100
Semenyih,23/6/2022,2022-06-23T07:06:04,2022-06-23T19:23:35,27.1,31.3,23.7,29.1,82.4,7.9,42.8,9.5,100
Semenyih,24/6/2022,2022-06-24T07:06:17,2022-06-24T19:23:48,26.8,30,24.3,28.7,87.6,7.6,46,9.2,100
Semenyih,25/6/2022,2022-06-25T07:06:31,2022-06-25T19:24:00,27.6,31.3,24.3,30.2,81.1,10.5,42.8,9.8,0
Semenyih,26/6/2022,2022-06-26T07:06:44,2022-06-26T19:24:13,28,30.7,25.3,31.4,80.4,17.2,38.4,9.9,100
Semenyih,27/6/2022,2022-06-27T07:06:57,2022-06-27T19:24:24,28.4,32.7,23.7,31.9,78.5,10.5,42.1,9.5,0
Semenyih,28/6/2022,2022-06-28T07:07:10,2022-06-28T19:24:36,28.1,31.5,24,31.4,80.6,11.7,39.7,9.9,100
Semenyih,29/6/2022,2022-06-29T07:07:23,2022-06-29T19:24:47,28.4,32.2,25.7,32.1,81.3,15.4,40.4,9.7,100
Semenyih,30/6/2022,2022-06-30T07:07:36,2022-06-30T19:24:58,27.7,32.7,24,30,77.2,13.3,38.5,9.6,100
Semenyih,1/7/2022,2022-07-01T07:07:48,2022-07-01T19:25:09,28.5,32.7,24.7,30.8,72.4,11.8,37.1,10,0
Semenyih,2/7/2022,2022-07-02T07:08:01,2022-07-02T19:25:19,28.8,32.3,25.3,31.8,73.6,14.2,38.8,9.8,0
Semenyih,3/7/2022,2022-07-03T07:08:14,2022-07-03T19:25:29,29.1,32.7,26.3,32.9,74.6,11.1,38.1,9.1,0
Semenyih,4/7/2022,2022-07-04T07:08:26,2022-07-04T19:25:39,29.1,33.3,25.3,32.1,72.1,10.5,36.9,9.6,0
Semenyih,5/7/2022,2022-07-05T07:08:38,2022-07-05T19:25:48,28.9,32.7,25.7,32.8,77.3,12.4,40.8,9.5,0
Semenyih,6/7/2022,2022-07-06T07:08:50,2022-07-06T19:25:57,27.2,28.3,25.3,30.2,84.6,10,41.8,9.7,100
Semenyih,7/7/2022,2022-07-07T07:09:01,2022-07-07T19:26:05,28.5,33.2,24.7,32.3,78.7,10,39.4,9.8,0
Semenyih,8/7/2022,2022-07-08T07:09:12,2022-07-08T19:26:13,29.3,33,26,32.8,73.2,11.8,37.1,9.8,0
Semenyih,9/7/2022,2022-07-09T07:09:23,2022-07-09T19:26:20,29.7,34.7,25.7,33,71,14.7,37,9.9,0
Semenyih,10/7/2022,2022-07-10T07:09:34,2022-07-10T19:26:26,28.9,33.1,25.7,32.8,76.6,11.1,39.4,10,0
Semenyih,11/7/2022,2022-07-11T07:09:44,2022-07-11T19:26:33,28.4,31.7,25.8,31.9,78.5,8.8,42.4,9.9,100
Semenyih,12/7/2022,2022-07-12T07:09:54,2022-07-12T19:26:38,27.1,29.7,25.6,29.3,82.5,9.9,39.4,10,100
Semenyih,13/7/2022,2022-07-13T07:10:04,2022-07-13T19:26:43,28.2,34,24.9,31.1,76.8,11.8,39.4,10,0
Semenyih,14/7/2022,2022-07-14T07:10:13,2022-07-14T19:26:48,28.5,32,26,32.1,79.7,7.9,40.1,9.7,100
Semenyih,15/7/2022,2022-07-15T07:10:22,2022-07-15T19:26:52,28.7,32.7,25.7,32.3,79.9,11.8,39.8,8.9,0
Semenyih,16/7/2022,2022-07-16T07:10:30,2022-07-16T19:26:55,28.9,33.3,25,32.3,76.9,15.9,40.1,9.6,100
Semenyih,17/7/2022,2022-07-17T07:10:38,2022-07-17T19:26:58,29.7,34.3,26.3,34.1,73.9,12.4,38.5,9.9,100
Semenyih,18/7/2022,2022-07-18T07:10:46,2022-07-18T19:27:00,29.8,34.3,26.7,35.7,77.5,10.5,39.3,9.9,0
Semenyih,19/7/2022,2022-07-19T07:10:53,2022-07-19T19:27:02,27.9,29.7,26.3,32.4,85.4,9.3,40.8,8.5,0
Semenyih,20/7/2022,2022-07-20T07:11:00,2022-07-20T19:27:02,28.1,31,25.7,31.6,81.2,11.1,38.8,9.8,100
Semenyih,21/7/2022,2022-07-21T07:11:06,2022-07-21T19:27:03,28.4,33.2,25,31.5,79.7,12.3,38.5,9.2,100
Semenyih,22/7/2022,2022-07-22T07:11:11,2022-07-22T19:27:02,28.1,33.3,23.7,31,80.5,21.7,41.5,8.8,100
Semenyih,23/7/2022,2022-07-23T07:11:16,2022-07-23T19:27:01,26.9,32.7,23.3,29.2,85.5,10.5,41.5,9.3,100
Semenyih,24/7/2022,2022-07-24T07:11:21,2022-07-24T19:26:59,26.8,31,25,28.8,88.4,11.7,47,8.5,100
Semenyih,25/7/2022,2022-07-25T07:11:25,2022-07-25T19:26:57,26.9,30.9,24.9,29.1,86.3,14.2,43.7,9.1,100
Semenyih,26/7/2022,2022-07-26T07:11:29,2022-07-26T19:26:54,28.6,33,25,31.7,77,9.4,38.8,9.8,0
Semenyih,27/7/2022,2022-07-27T07:11:32,2022-07-27T19:26:50,27.5,29.3,25.3,30.5,84,17.2,41.3,9.5,100
Semenyih,28/7/2022,2022-07-28T07:11:35,2022-07-28T19:26:46,27.6,31,24.7,30.8,84.6,13.6,39.8,9.4,100
Semenyih,29/7/2022,2022-07-29T07:11:37,2022-07-29T19:26:41,27.1,29.8,23.7,29.4,83.1,15.4,41.8,9.4,100
Semenyih,30/7/2022,2022-07-30T07:11:38,2022-07-30T19:26:35,28.5,33.3,24.7,31.5,76.3,11.2,40.9,10,0
Semenyih,31/7/2022,2022-07-31T07:11:39,2022-07-31T19:26:29,28.1,30.7,26,32.1,82.2,11.1,40.4,9.9,0
Semenyih,1/8/2022,2022-08-01T07:11:39,2022-08-01T19:26:22,28.3,33.1,24.3,31.8,79,9.7,38.1,9.7,0
Semenyih,2/8/2022,2022-08-02T07:11:39,2022-08-02T19:26:14,27,30.3,24,29.8,83,11.8,41.6,9.7,100
Semenyih,3/8/2022,2022-08-03T07:11:38,2022-08-03T19:26:06,26.7,29.3,24.7,28.5,86.1,8.7,45.6,9.3,100
Semenyih,4/8/2022,2022-08-04T07:11:37,2022-08-04T19:25:57,26.5,31.3,22.3,28.5,86.2,12.3,42.7,9,100
Semenyih,5/8/2022,2022-08-05T07:11:35,2022-08-05T19:25:47,27.5,31.3,25,30,82.6,7.3,39.2,9.7,100
Semenyih,6/8/2022,2022-08-06T07:11:33,2022-08-06T19:25:36,28,32.1,23.3,30.3,75.2,8.1,38.4,9.9,100
Semenyih,7/8/2022,2022-08-07T07:11:30,2022-08-07T19:25:25,28.3,32.7,25,31.1,75.5,14.2,37.9,10,0
Semenyih,8/8/2022,2022-08-08T07:11:26,2022-08-08T19:25:14,28,31.3,24.3,31.5,79.5,8.7,40.8,9.5,0
Semenyih,9/8/2022,2022-08-09T07:11:22,2022-08-09T19:25:02,28.6,32.7,25.3,31.7,76.9,10.5,37.4,9.2,0
Semenyih,10/8/2022,2022-08-10T07:11:18,2022-08-10T19:24:49,28.3,32.3,25.3,31.5,78.1,15.9,38,9.3,0
Semenyih,11/8/2022,2022-08-11T07:11:13,2022-08-11T19:24:35,29.4,33.3,26,33.6,76.1,15.4,37.2,9.5,100
Semenyih,12/8/2022,2022-08-12T07:11:07,2022-08-12T19:24:21,28.7,33.3,25.7,32.9,79.5,11.8,38.6,9.7,100
Semenyih,13/8/2022,2022-08-13T07:11:01,2022-08-13T19:24:06,27.9,32.7,23.3,31.2,79.2,13.6,39.3,9.3,0
Semenyih,14/8/2022,2022-08-14T07:10:55,2022-08-14T19:23:51,28.2,32.3,25.7,31.6,81,9.3,42.5,9.4,100
Semenyih,15/8/2022,2022-08-15T07:10:47,2022-08-15T19:23:35,27.8,32.3,25,30.9,82.6,8.5,40.9,9.5,100
Semenyih,16/8/2022,2022-08-16T07:10:40,2022-08-16T19:23:19,27.7,32.3,23.7,30.7,81.6,9.3,41,9.4,0
Semenyih,17/8/2022,2022-08-17T07:10:32,2022-08-17T19:23:02,27.7,30.7,25.3,30.8,84.7,9.3,38.3,8.8,100
Semenyih,18/8/2022,2022-08-18T07:10:23,2022-08-18T19:22:44,28,32.3,25,30.4,80.4,17.8,38.8,9.3,0
Semenyih,19/8/2022,2022-08-19T07:10:14,2022-08-19T19:22:26,28.4,32.7,24.3,31.5,77.2,12.3,38.6,9.8,0
Semenyih,20/8/2022,2022-08-20T07:10:05,2022-08-20T19:22:08,26.9,30.7,24,29,85.6,13,43.4,8.9,100
Semenyih,21/8/2022,2022-08-21T07:09:55,2022-08-21T19:21:49,26,29.4,24,27.2,88.6,10,40.7,8.9,100
Semenyih,22/8/2022,2022-08-22T07:09:44,2022-08-22T19:21:29,27.4,33.3,24,29.8,81.8,14.2,40.8,9.2,100
Semenyih,23/8/2022,2022-08-23T07:09:33,2022-08-23T19:21:09,26.8,30.9,24.3,28.6,83,14.2,41.5,9.7,100
Semenyih,24/8/2022,2022-08-24T07:09:22,2022-08-24T19:20:49,27.9,33,24,30.8,78.2,11.2,39.2,9.9,0
Semenyih,25/8/2022,2022-08-25T07:09:11,2022-08-25T19:20:28,27.7,30.3,23.1,31,83.3,20.2,39.5,9.4,100
Semenyih,26/8/2022,2022-08-26T07:08:58,2022-08-26T19:20:06,26.2,30.6,23.2,28,84.7,15.4,44,9.7,100
Semenyih,27/8/2022,2022-08-27T07:08:46,2022-08-27T19:19:45,27,32.2,23.9,29.1,83.6,14.1,43.7,9.3,100
Semenyih,28/8/2022,2022-08-28T07:08:33,2022-08-28T19:19:22,25.9,30.3,23.3,27.2,87.9,10,47.5,8.6,100
Semenyih,29/8/2022,2022-08-29T07:08:20,2022-08-29T19:19:00,26,30.4,23.3,27.7,88.1,10.5,45.1,9,100
Semenyih,30/8/2022,2022-08-30T07:08:07,2022-08-30T19:18:37,27.5,32.3,23.7,30.5,83.2,7.3,39.2,9.6,100
Semenyih,31/8/2022,2022-08-31T07:07:53,2022-08-31T19:18:14,28,32,25,31.4,81.9,8.8,40.9,9.4,100
Semenyih,1/9/2022,2022-09-01T07:07:39,2022-09-01T19:17:50,27.8,30.7,25.3,30.9,82,9.1,39,9.7,0
Semenyih,2/9/2022,2022-09-02T07:07:25,2022-09-02T19:17:26,27.8,31.3,25.3,30.9,80.7,14.7,41.7,10,0
Semenyih,3/9/2022,2022-09-03T07:07:10,2022-09-03T19:17:02,27.7,31,25,30.3,79.3,7.9,40.7,9.8,100
Semenyih,4/9/2022,2022-09-04T07:06:55,2022-09-04T19:16:38,28.7,32.7,25.4,31.5,74.4,9.4,37.1,10.1,0
Semenyih,5/9/2022,2022-09-05T07:06:40,2022-09-05T19:16:13,28.7,32,26.2,32.8,78.2,10.5,39.4,10,0
Semenyih,6/9/2022,2022-09-06T07:06:25,2022-09-06T19:15:48,27.7,32,25.3,31.2,84,11.2,42,9.5,100
Semenyih,7/9/2022,2022-09-07T07:06:10,2022-09-07T19:15:23,26.9,31.3,24.1,28.6,84.1,11.8,41.1,9.2,0
Semenyih,8/9/2022,2022-09-08T07:05:54,2022-09-08T19:14:58,28.1,32.3,25,30.6,78.1,7.3,38.8,9.5,100
Semenyih,9/9/2022,2022-09-09T07:05:38,2022-09-09T19:14:32,26.8,30.1,25,28.5,86.7,8.1,46.3,9.2,100
Semenyih,10/9/2022,2022-09-10T07:05:22,2022-09-10T19:14:07,27.9,31.6,24.8,31.3,82,10.5,39.8,9.7,100
Semenyih,11/9/2022,2022-09-11T07:05:06,2022-09-11T19:13:41,26.4,28,25,27.9,86.1,11.2,42,9.5,100
Semenyih,12/9/2022,2022-09-12T07:04:50,2022-09-12T19:13:15,27.9,33.3,23.3,30.1,75.8,14.7,38.1,9,100
Semenyih,13/9/2022,2022-09-13T07:04:33,2022-09-13T19:12:49,27.6,33.2,24.6,29.9,77.6,18.5,41.7,9.8,100
Semenyih,14/9/2022,2022-09-14T07:04:17,2022-09-14T19:12:23,27.3,32,23.9,29.3,76.9,10.5,39.2,9.9,100
Semenyih,15/9/2022,2022-09-15T07:04:00,2022-09-15T19:11:57,28.1,31.7,25.8,30.8,78,8.8,41.4,9.8,100
Semenyih,16/9/2022,2022-09-16T07:03:44,2022-09-16T19:11:30,28,32,25.3,30.6,78.2,6.3,41,9.7,100
Semenyih,17/9/2022,2022-09-17T07:03:27,2022-09-17T19:11:04,25.7,28,24.3,26.2,86.7,11.2,42.7,8.9,100
Semenyih,18/9/2022,2022-09-18T07:03:11,2022-09-18T19:10:38,25.6,28,23.3,26.2,85.8,11.2,44,9,0
Semenyih,19/9/2022,2022-09-19T07:02:54,2022-09-19T19:10:12,27.8,32.3,24,30.2,76.9,8.7,38.5,9.8,100
Semenyih,20/9/2022,2022-09-20T07:02:37,2022-09-20T19:09:45,27.4,31.4,23.7,29.4,77.4,10,38.8,10,0
Semenyih,21/9/2022,2022-09-21T07:02:21,2022-09-21T19:09:19,27.2,31.7,25,29.1,80.9,12.4,42.5,9.5,0
Semenyih,22/9/2022,2022-09-22T07:02:05,2022-09-22T19:08:53,27,31.3,24.7,29,82.1,9.4,42.6,9.3,100
Semenyih,23/9/2022,2022-09-23T07:01:48,2022-09-23T19:08:27,27.7,30.7,25,30.2,79.7,9.3,39.8,9.9,0
Semenyih,24/9/2022,2022-09-24T07:01:32,2022-09-24T19:08:01,27,31.3,23.3,29.3,83.4,10,44,9.2,100
Semenyih,25/9/2022,2022-09-25T07:01:16,2022-09-25T19:07:36,26.3,29,23.3,27.9,84.4,9.3,41.7,9.2,100
Semenyih,26/9/2022,2022-09-26T07:01:00,2022-09-26T19:07:10,28.2,32.3,24,31.3,76.5,12.9,39.8,9.9,100
Semenyih,27/9/2022,2022-09-27T07:00:44,2022-09-27T19:06:45,27.2,31.7,23.3,29.7,79.8,14.1,39.2,9.6,100
Semenyih,28/9/2022,2022-09-28T07:00:29,2022-09-28T19:06:20,27,31,23.7,29.3,82.6,12.4,43.5,9.5,100
Semenyih,29/9/2022,2022-09-29T07:00:13,2022-09-29T19:05:55,28.2,32.3,24.7,30.8,77.2,10.5,38.6,9.8,100
Semenyih,30/9/2022,2022-09-30T06:59:58,2022-09-30T19:05:30,27.6,30.3,24.7,30.6,82,11.8,42.5,9.7,100
Semenyih,1/10/2022,2022-10-01T06:59:43,2022-10-01T19:05:06,27.2,31.3,24.6,29.4,84.2,12.3,44.4,9,100
Semenyih,2/10/2022,2022-10-02T06:59:29,2022-10-02T19:04:42,27.1,31.3,24,29.2,81.6,12.3,41.3,9.8,100
Semenyih,3/10/2022,2022-10-03T06:59:14,2022-10-03T19:04:18,27.7,33,25,30.4,81,19.1,43.4,9.4,0
Semenyih,4/10/2022,2022-10-04T06:59:00,2022-10-04T19:03:54,26.9,31,24.3,29.5,85.9,10.5,41,9.8,0
Semenyih,5/10/2022,2022-10-05T06:58:46,2022-10-05T19:03:31,27.3,30.4,25,29.4,82.1,7.6,44.5,9.4,100
Semenyih,6/10/2022,2022-10-06T06:58:33,2022-10-06T19:03:08,27.5,31.3,24.6,29.6,79.5,11.1,40,10,100
Semenyih,7/10/2022,2022-10-07T06:58:20,2022-10-07T19:02:46,25.7,27.7,23.3,26.4,87.5,11.2,40.9,9.4,100
Semenyih,8/10/2022,2022-10-08T06:58:07,2022-10-08T19:02:24,26.5,30.4,23.3,28.5,82.5,8.2,42.7,9.7,100
Semenyih,9/10/2022,2022-10-09T06:57:55,2022-10-09T19:02:03,26.5,30.3,23.3,27.8,82.4,11.7,42.2,9.3,100
Semenyih,10/10/2022,2022-10-10T06:57:43,2022-10-10T19:01:42,26.7,31.3,24,28.5,83,8.2,39.4,9.6,100
Semenyih,11/10/2022,2022-10-11T06:57:32,2022-10-11T19:01:21,27.2,31.3,25,29.4,82.8,11.8,39.1,9.1,0
Semenyih,12/10/2022,2022-10-12T06:57:21,2022-10-12T19:01:01,25.9,29,22.3,26.9,85.8,10.5,42,8.8,100
Semenyih,13/10/2022,2022-10-13T06:57:11,2022-10-13T19:00:42,27.2,31.3,23.7,29.9,81.8,16.7,40.1,9.6,100
Semenyih,14/10/2022,2022-10-14T06:57:01,2022-10-14T19:00:23,27.3,30.5,24.3,29.7,79.5,18.4,38.1,9.9,0
Semenyih,15/10/2022,2022-10-15T06:56:51,2022-10-15T19:00:04,27.8,32.7,25,30.4,78.8,16,40.9,10,100
Semenyih,16/10/2022,2022-10-16T06:56:42,2022-10-16T18:59:46,27.1,31.3,23.7,29.3,80.8,11.1,39.4,9.8,100
Semenyih,17/10/2022,2022-10-17T06:56:34,2022-10-17T18:59:29,28,32,25.3,30.9,80.8,12.3,38.2,9.7,100
Semenyih,18/10/2022,2022-10-18T06:56:26,2022-10-18T18:59:13,27.3,30.3,25.3,29.7,85.9,10,39.1,9.4,100
Semenyih,19/10/2022,2022-10-19T06:56:19,2022-10-19T18:58:57,28.4,32.1,26,31.8,80.4,9.3,38.8,8.4,0
Semenyih,20/10/2022,2022-10-20T06:56:13,2022-10-20T18:58:41,28.8,33,25.7,32.3,74.7,10.5,37.8,10,100
Semenyih,21/10/2022,2022-10-21T06:56:07,2022-10-21T18:58:27,28.4,32.6,25.6,32,77.3,9.3,37.5,9.8,0
Semenyih,22/10/2022,2022-10-22T06:56:01,2022-10-22T18:58:13,27.5,32,24.8,29.8,81.9,14.1,43.4,9.3,100
Semenyih,23/10/2022,2022-10-23T06:55:57,2022-10-23T18:58:00,27,31,24.3,29.3,85.4,11.1,42.7,9.7,100
Semenyih,24/10/2022,2022-10-24T06:55:53,2022-10-24T18:57:47,26.5,31.4,23.2,28.5,87.4,16,43.8,8.5,100
Semenyih,25/10/2022,2022-10-25T06:55:49,2022-10-25T18:57:35,26.2,30.3,23.9,28.1,88.2,20.3,40.1,8.8,100
Semenyih,26/10/2022,2022-10-26T06:55:47,2022-10-26T18:57:24,26,28.9,24.8,26.9,88.4,19.2,40.9,8.9,100
Semenyih,27/10/2022,2022-10-27T06:55:45,2022-10-27T18:57:14,26.7,31.7,24,28.6,84.4,15.9,40,9.8,100
Semenyih,28/10/2022,2022-10-28T06:55:44,2022-10-28T18:57:05,26.8,31.3,23.9,29.2,85.4,17.2,44,9,100
Semenyih,29/10/2022,2022-10-29T06:55:43,2022-10-29T18:56:56,27.5,31.7,24.9,30.3,84.4,13.6,42.7,9.1,100
Semenyih,30/10/2022,2022-10-30T06:55:43,2022-10-30T18:56:48,27.5,32,25,30.4,84.6,11.1,40,9,100
Semenyih,31/10/2022,2022-10-31T06:55:44,2022-10-31T18:56:41,26.5,30.2,24,28.3,86.5,9.4,41.8,8.7,100
Semenyih,1/11/2022,2022-11-01T06:55:46,2022-11-01T18:56:35,28.1,32.3,25,31.2,80.6,11.1,41.3,9.9,100
Semenyih,2/11/2022,2022-11-02T06:55:49,2022-11-02T18:56:30,26.6,29.8,24.7,28.6,87.1,14.8,44,9.4,100
Semenyih,3/11/2022,2022-11-03T06:55:52,2022-11-03T18:56:26,27.6,31,24.3,30.5,83.4,10.5,40.5,9.5,100
Semenyih,4/11/2022,2022-11-04T06:55:56,2022-11-04T18:56:22,27.3,30.1,24.7,30.5,86,6.9,43.9,9.2,100
Semenyih,5/11/2022,2022-11-05T06:56:01,2022-11-05T18:56:20,27.1,30.3,25,29.7,85.7,6.7,43.7,8.9,100
Semenyih,6/11/2022,2022-11-06T06:56:07,2022-11-06T18:56:18,27.2,31.3,25.3,29.2,84.9,11.1,42.6,8.9,0
Semenyih,7/11/2022,2022-11-07T06:56:13,2022-11-07T18:56:17,27.7,31.4,24.3,30.5,81,12.3,42.5,9.6,100
Semenyih,8/11/2022,2022-11-08T06:56:21,2022-11-08T18:56:17,27,32.4,24.3,28.8,86,9.4,45.6,8.4,100
Semenyih,9/11/2022,2022-11-09T06:56:29,2022-11-09T18:56:18,26.5,33,24.1,28,86.6,11.2,42.3,8.5,100
Semenyih,10/11/2022,2022-11-10T06:56:38,2022-11-10T18:56:20,25.9,30.3,24,27,90.7,12.3,42.7,8.4,100
Semenyih,11/11/2022,2022-11-11T06:56:47,2022-11-11T18:56:23,25.9,30,24,27.3,91.4,9.4,44.4,8.6,100
Semenyih,12/11/2022,2022-11-12T06:56:58,2022-11-12T18:56:26,25.8,30.3,24,27.1,91.1,9.9,41.9,8.4,0
Semenyih,13/11/2022,2022-11-13T06:57:09,2022-11-13T18:56:31,26.3,30.1,24,28.1,90.2,7.9,44.2,7,100
Semenyih,14/11/2022,2022-11-14T06:57:21,2022-11-14T18:56:37,26.5,29.7,24.2,29,88.8,7.5,45.7,8.8,0
Semenyih,15/11/2022,2022-11-15T06:57:34,2022-11-15T18:56:43,27.4,31.2,24.2,30.2,83.2,9.3,53.8,9,0
Semenyih,16/11/2022,2022-11-16T06:57:48,2022-11-16T18:56:50,28.4,33.2,25,32,81,9.9,51.8,9.4,0
Semenyih,17/11/2022,2022-11-17T06:58:03,2022-11-17T18:56:59,26.8,31.3,23.4,29,84.6,11.8,54.7,8.8,100
Semenyih,18/11/2022,2022-11-18T06:58:18,2022-11-18T18:57:08,27.8,31.4,25.2,31,82.9,11.2,51.6,9.8,100
Semenyih,19/11/2022,2022-11-19T06:58:34,2022-11-19T18:57:18,26.6,29.7,23.9,28.3,85.7,14.1,49.8,9,100
Semenyih,20/11/2022,2022-11-20T06:58:51,2022-11-20T18:57:29,27.1,32,23.9,29.6,83.3,19.1,57.4,9.2,100
Semenyih,21/11/2022,2022-11-21T06:59:08,2022-11-21T18:57:41,27.5,31.1,24.6,30,82.3,17.2,55.6,9.7,100
Semenyih,22/11/2022,2022-11-22T06:59:26,2022-11-22T18:57:54,27.6,31.9,25.1,30.1,82.1,17.8,49.3,8.9,100
Semenyih,23/11/2022,2022-11-23T06:59:45,2022-11-23T18:58:07,26.8,30.1,23,29,83.5,15.4,49.2,9.5,100
Semenyih,24/11/2022,2022-11-24T07:00:05,2022-11-24T18:58:22,27.8,32.3,23.6,30.7,80.3,13.6,52,9.6,0
Semenyih,25/11/2022,2022-11-25T07:00:26,2022-11-25T18:58:37,27.3,31.9,23.8,29.8,79.9,7.3,53.4,9.7,100
Semenyih,26/11/2022,2022-11-26T07:00:47,2022-11-26T18:58:53,28.1,32.3,24.9,31.1,80.9,11.1,52.8,9.3,0
Semenyih,27/11/2022,2022-11-27T07:01:08,2022-11-27T18:59:10,26.8,31.1,24.4,28.9,87.4,12.3,51.7,8.3,0
Semenyih,28/11/2022,2022-11-28T07:01:31,2022-11-28T18:59:28,27.2,32.6,24,29.7,83.2,10.5,46.8,8.9,100
Semenyih,29/11/2022,2022-11-29T07:01:54,2022-11-29T18:59:46,26.2,30.8,24.3,27.5,88.6,9.2,51.4,8.4,100
Semenyih,30/11/2022,2022-11-30T07:02:17,2022-11-30T19:00:06,26.2,31.2,24,27.9,88.5,9.9,51.3,8.7,100
Semenyih,1/12/2022,2022-12-01T07:02:41,2022-12-01T19:00:26,26.3,32,23.3,28,86.1,15.9,56.3,8.8,100
Semenyih,2/12/2022,2022-12-02T07:03:06,2022-12-02T19:00:47,26.1,30.4,24,27.2,87.6,17.4,55.8,8.8,100
Semenyih,3/12/2022,2022-12-03T07:03:31,2022-12-03T19:01:08,26.6,30,24,28.8,85.1,13.6,56.3,9.5,100
Semenyih,4/12/2022,2022-12-04T07:03:57,2022-12-04T19:01:30,27.8,31.3,25,30.4,80.8,8.7,53.8,9.7,100
Semenyih,5/12/2022,2022-12-05T07:04:23,2022-12-05T19:01:53,28.3,32.2,25.3,31.3,78.7,8.5,51.8,9.9,100
Semenyih,6/12/2022,2022-12-06T07:04:50,2022-12-06T19:02:17,28.3,32.8,25.1,31.7,80.1,10.5,50.8,9.4,100
Semenyih,7/12/2022,2022-12-07T07:05:17,2022-12-07T19:02:41,27.8,33.7,25,30.2,80.1,13.5,52.5,9.8,100
Semenyih,8/12/2022,2022-12-08T07:05:45,2022-12-08T19:03:05,26.2,31,24.3,27.2,86.2,18.4,52.6,9.6,100
Semenyih,9/12/2022,2022-12-09T07:06:12,2022-12-09T19:03:31,25.1,29,23.1,25.9,89.3,15.4,53.4,8.9,100
Semenyih,10/12/2022,2022-12-10T07:06:41,2022-12-10T19:03:56,25.7,29.6,23.6,26.9,87.8,9.3,58.2,8.9,100
Semenyih,11/12/2022,2022-12-11T07:07:09,2022-12-11T19:04:23,25.3,29,24,26.6,91.2,11.2,59.7,7.9,100
Semenyih,12/12/2022,2022-12-12T07:07:38,2022-12-12T19:04:49,25.8,29.6,24,26.8,89.4,8.7,59,9.1,100
Semenyih,13/12/2022,2022-12-13T07:08:07,2022-12-13T19:05:16,26.2,29.3,24.3,27.7,86,11.2,55.1,9.3,100
Semenyih,14/12/2022,2022-12-14T07:08:36,2022-12-14T19:05:44,26.4,30.3,23.9,28,83.6,10.5,46.4,9.7,100
Semenyih,15/12/2022,2022-12-15T07:09:06,2022-12-15T19:06:12,26.5,30.6,24.3,28.1,84.5,6.9,53.8,9.8,100
Semenyih,16/12/2022,2022-12-16T07:09:35,2022-12-16T19:06:40,28,34.1,24.3,30.3,77.4,13.5,51.1,9.6,0
Semenyih,17/12/2022,2022-12-17T07:10:05,2022-12-17T19:07:09,27.4,31.1,25.5,29.3,79.4,13.6,51.4,9.8,0
Semenyih,18/12/2022,2022-12-18T07:10:35,2022-12-18T19:07:38,26.6,29.6,24.3,28.3,85.7,12.3,52.7,9.4,100
Semenyih,19/12/2022,2022-12-19T07:11:04,2022-12-19T19:08:07,26.9,30.3,24.3,28.6,81.6,12.4,44.4,9.7,100
Semenyih,20/12/2022,2022-12-20T07:11:34,2022-12-20T19:08:36,27.3,31.6,24,29.4,79.2,9.1,50.4,9.9,100
Semenyih,21/12/2022,2022-12-21T07:12:04,2022-12-21T19:09:06,26.7,32.1,24.8,28,84.9,13,56.5,9.3,100
Semenyih,22/12/2022,2022-12-22T07:12:34,2022-12-22T19:09:36,25.2,29.1,23.6,25.9,92,11.8,56.7,8.5,100
Semenyih,23/12/2022,2022-12-23T07:13:04,2022-12-23T19:10:06,26.3,30.6,23.8,27.9,85.8,6.9,49.6,9.3,100
Semenyih,24/12/2022,2022-12-24T07:13:33,2022-12-24T19:10:36,27.2,31.8,24,29.3,80,9.4,49.2,9.5,0
Semenyih,25/12/2022,2022-12-25T07:14:03,2022-12-25T19:11:06,27.5,32,24.5,28.8,71.2,11.1,44.4,10,100
Semenyih,26/12/2022,2022-12-26T07:14:32,2022-12-26T19:11:36,27.3,31,24.3,28.8,72.7,11.7,49.1,9.9,0
Semenyih,27/12/2022,2022-12-27T07:15:01,2022-12-27T19:12:06,27.1,30.7,24,28.7,75.5,12.4,48.4,10,0
Semenyih,28/12/2022,2022-12-28T07:15:30,2022-12-28T19:12:36,25.6,27.4,24.3,26,86.9,9.3,52.4,9,100
Semenyih,29/12/2022,2022-12-29T07:15:58,2022-12-29T19:13:06,26,29.2,24.3,27.2,87.3,7.9,54.9,8.1,0
Semenyih,30/12/2022,2022-12-30T07:16:27,2022-12-30T19:13:36,27.8,33.3,24,29.2,72.3,17.2,48.2,9.3,100
Semenyih,31/12/2022,2022-12-31T07:16:55,2022-12-31T19:14:05,27.3,32.3,23.7,29.1,79.1,16.7,53,9.4,0
Semenyih,1/1/2023,2023-01-01T07:17:22,2023-01-01T19:14:35,27.5,32.4,24,29.4,76.7,9.1,52.2,9.8,100
Semenyih,2/1/2023,2023-01-02T07:17:49,2023-01-02T19:15:04,26.7,31.5,24.3,28,82.1,13,49.2,9.1,0
Semenyih,3/1/2023,2023-01-03T07:18:16,2023-01-03T19:15:33,26.8,32.3,24.3,28.2,81,13,52.8,8.7,100
Semenyih,4/1/2023,2023-01-04T07:18:42,2023-01-04T19:16:02,25.7,30.3,23.7,26.9,87.3,9.8,54,9,0
Semenyih,5/1/2023,2023-01-05T07:19:08,2023-01-05T19:16:30,26.1,31.4,22.9,27.4,85.4,12.9,51.9,9,100
Semenyih,6/1/2023,2023-01-06T07:19:33,2023-01-06T19:16:59,27,31,24.3,29.3,83.9,12,53.2,9.1,100
Semenyih,7/1/2023,2023-01-07T07:19:58,2023-01-07T19:17:27,26.8,30.7,24.1,28.8,82.6,15.9,55.7,9.4,100
Semenyih,8/1/2023,2023-01-08T07:20:22,2023-01-08T19:17:54,26.9,30.9,24,29,83.2,15.4,49.8,9.5,0
Semenyih,9/1/2023,2023-01-09T07:20:45,2023-01-09T19:18:21,27.8,32,24.1,30.6,80,12.9,54.3,9.4,0
Semenyih,10/1/2023,2023-01-10T07:21:08,2023-01-10T19:18:48,27,29.9,25.1,29,85,10.5,52.4,9.5,0
Semenyih,11/1/2023,2023-01-11T07:21:31,2023-01-11T19:19:14,26.7,30.8,24.3,28.3,84.4,9.3,52.8,9.6,100
Semenyih,12/1/2023,2023-01-12T07:21:52,2023-01-12T19:19:39,27.7,32,24.3,30.1,80,9.3,48.7,9.3,100
Semenyih,13/1/2023,2023-01-13T07:22:13,2023-01-13T19:20:05,27.5,31.1,24.3,29.7,81.2,9.9,50.6,9.5,0
Semenyih,14/1/2023,2023-01-14T07:22:33,2023-01-14T19:20:29,27.7,31.4,24.9,30.5,81.8,11.7,54,7.6,0
Semenyih,15/1/2023,2023-01-15T07:22:53,2023-01-15T19:20:53,27.1,29.7,24.8,29.3,83.1,13,51.4,8.9,0
Semenyih,16/1/2023,2023-01-16T07:23:12,2023-01-16T19:21:17,27.6,33.4,24.3,29.8,79.3,13.7,53.2,9.7,0
Semenyih,17/1/2023,2023-01-17T07:23:30,2023-01-17T19:21:40,26.5,31.9,22.9,27.8,80.1,9.9,58.9,8.6,100
Semenyih,18/1/2023,2023-01-18T07:23:47,2023-01-18T19:22:02,26.9,30.9,24,28.3,77.2,12.4,53.8,9.5,100
Semenyih,19/1/2023,2023-01-19T07:24:03,2023-01-19T19:22:24,26.8,31.6,22.9,28.4,79.7,11,52.3,9.6,100
Semenyih,20/1/2023,2023-01-20T07:24:19,2023-01-20T19:22:45,26.9,31.5,24.1,28.7,83.8,8.1,56.9,9.3,100
Semenyih,21/1/2023,2023-01-21T07:24:34,2023-01-21T19:23:05,26.4,29.4,24.4,27.9,85.4,13.6,56.1,9.4,100
Semenyih,22/1/2023,2023-01-22T07:24:48,2023-01-22T19:23:25,25.6,27.4,24.5,26.3,89.4,8.2,54.4,8.6,100
Semenyih,23/1/2023,2023-01-23T07:25:01,2023-01-23T19:23:44,26,29.6,23.8,27.5,88.8,12.3,53.8,9.1,100
Semenyih,24/1/2023,2023-01-24T07:25:13,2023-01-24T19:24:02,24.4,26,23.5,24.4,93.4,9.4,56.2,8.5,100
Semenyih,25/1/2023,2023-01-25T07:25:25,2023-01-25T19:24:19,25.5,29,23,26.5,83.7,8.1,47.7,9.7,100
Semenyih,26/1/2023,2023-01-26T07:25:35,2023-01-26T19:24:36,26.7,31,23,27.9,76.3,6.7,48.2,9.8,0
Semenyih,27/1/2023,2023-01-27T07:25:45,2023-01-27T19:24:52,26.4,30.7,23.8,28,81.4,13.6,50.3,9.6,100
Semenyih,28/1/2023,2023-01-28T07:25:54,2023-01-28T19:25:08,26.5,30.3,23.3,27.6,78.8,15.6,48.7,9.8,100
Semenyih,29/1/2023,2023-01-29T07:26:02,2023-01-29T19:25:22,27.2,30.3,24.1,28.3,69.4,23.5,51.9,10.1,0
Semenyih,30/1/2023,2023-01-30T07:26:09,2023-01-30T19:25:36,27,29.6,24.1,28.5,72.7,12.4,53.1,9.7,0
Semenyih,31/1/2023,2023-01-31T07:26:15,2023-01-31T19:25:49,27.2,31.1,24.5,28.5,73.7,13.1,53.5,10.1,0
Semenyih,1/2/2023,2023-02-01T07:26:20,2023-02-01T19:26:01,26.6,32.3,24,28,82.1,12.9,54.6,9.5,0
Semenyih,2/2/2023,2023-02-02T07:26:25,2023-02-02T19:26:13,26.3,31.3,24.3,27.9,87.3,13.1,58.2,9.1,100
Semenyih,3/2/2023,2023-02-03T07:26:28,2023-02-03T19:26:24,26.4,28.6,24.2,28.2,86.8,9.9,49.8,9.3,100
Semenyih,4/2/2023,2023-02-04T07:26:31,2023-02-04T19:26:34,27.4,32.3,24.3,29.5,78.1,11.1,48.1,9.4,100
Semenyih,5/2/2023,2023-02-05T07:26:33,2023-02-05T19:26:43,27.3,31.4,24.3,29.2,78.8,11.7,53.3,9.8,0
Semenyih,6/2/2023,2023-02-06T07:26:34,2023-02-06T19:26:52,24.7,26.6,22.6,24.7,88.1,11.9,56.8,9.2,100
Semenyih,7/2/2023,2023-02-07T07:26:34,2023-02-07T19:26:59,27.1,32,23.3,29.4,80.3,11.8,52.5,9.8,100
Semenyih,8/2/2023,2023-02-08T07:26:33,2023-02-08T19:27:06,28.1,33.3,24.9,30.6,77,14.6,55.4,9.6,100
Semenyih,9/2/2023,2023-02-09T07:26:32,2023-02-09T19:27:12,27.5,33,24,30.4,83.5,12.3,60.2,9,100
Semenyih,10/2/2023,2023-02-10T07:26:29,2023-02-10T19:27:18,28.1,31.8,24.7,31.2,80.2,13.6,54.1,9.7,100
Semenyih,11/2/2023,2023-02-11T07:26:26,2023-02-11T19:27:23,26.5,30,24.3,28,86.2,16.8,55.6,9.2,100
Semenyih,12/2/2023,2023-02-12T07:26:22,2023-02-12T19:27:27,26.4,32.3,23.9,28,86.1,9.3,54.5,8.5,100
Semenyih,13/2/2023,2023-02-13T07:26:17,2023-02-13T19:27:30,26.5,31.9,23,28.1,84.5,9.3,51.1,9.5,0
Semenyih,14/2/2023,2023-02-14T07:26:11,2023-02-14T19:27:32,26.5,30.9,24.3,28.1,84.1,11.6,55.1,8.9,100
Semenyih,15/2/2023,2023-02-15T07:26:05,2023-02-15T19:27:34,28,33.2,24,29.7,73,14.8,53.1,10,100
Semenyih,16/2/2023,2023-02-16T07:25:57,2023-02-16T19:27:35,27.8,33.4,22.7,28.8,67.9,15.4,46.6,10.2,100
Semenyih,17/2/2023,2023-02-17T07:25:49,2023-02-17T19:27:36,28.4,33,23.6,30.4,68.9,21.1,51.1,10.1,0
Semenyih,18/2/2023,2023-02-18T07:25:41,2023-02-18T19:27:35,28.2,33.8,25,30.4,73.4,11.2,49.1,9.6,0
Semenyih,19/2/2023,2023-02-19T07:25:31,2023-02-19T19:27:35,27.3,32.5,23.8,29,79.4,14.8,60.3,9.7,100
Semenyih,20/2/2023,2023-02-20T07:25:21,2023-02-20T19:27:33,27.2,32,23.9,28.8,79.9,11.2,57.7,9.6,100
Semenyih,21/2/2023,2023-02-21T07:25:10,2023-02-21T19:27:31,27.5,32.2,24.7,29.4,76.7,9.9,53.2,9.8,100
Semenyih,22/2/2023,2023-02-22T07:24:58,2023-02-22T19:27:28,27.7,32,25.1,29.7,74.1,8.7,50.7,10,100
Semenyih,23/2/2023,2023-02-23T07:24:46,2023-02-23T19:27:25,27.3,32,24.6,28.7,79.3,8.8,57.4,9.3,100
Semenyih,24/2/2023,2023-02-24T07:24:33,2023-02-24T19:27:21,27.5,32,24.8,29.5,78,10.5,51.8,9.4,100
Semenyih,25/2/2023,2023-02-25T07:24:20,2023-02-25T19:27:16,27.1,32.1,24.1,28.9,80.1,8.5,51.7,9.1,100
Semenyih,26/2/2023,2023-02-26T07:24:05,2023-02-26T19:27:11,28.2,33.6,24.2,29.4,63.8,24.1,51.4,10.1,0
Semenyih,27/2/2023,2023-02-27T07:23:51,2023-02-27T19:27:05,27.1,31,23.9,28.5,73.7,8.7,53.5,9.9,100
Semenyih,28/2/2023,2023-02-28T07:23:35,2023-02-28T19:26:59,26.3,30,23.8,27.5,83,12.4,53.6,9.2,100
Semenyih,1/3/2023,2023-03-01T07:23:20,2023-03-01T19:26:52,24.5,25.3,23.6,24.5,94,7.5,62.6,6.7,100
Semenyih,2/3/2023,2023-03-02T07:23:03,2023-03-02T19:26:45,25.6,29.7,23.1,26.8,86.2,10.5,57.2,8.8,100
Semenyih,3/3/2023,2023-03-03T07:22:46,2023-03-03T19:26:38,24.7,28.3,23.5,25,92.6,10.5,49.8,7.8,100
Semenyih,4/3/2023,2023-03-04T07:22:29,2023-03-04T19:26:29,26.2,30.3,23.1,27.2,80.7,13.6,46.5,9.5,100
Semenyih,5/3/2023,2023-03-05T07:22:11,2023-03-05T19:26:21,26.5,33.1,22.6,27.8,78.3,13,54.6,9.8,0
Semenyih,6/3/2023,2023-03-06T07:21:52,2023-03-06T19:26:12,26.6,31.9,22.2,27.9,76.9,10.3,44.2,9.7,0
Semenyih,7/3/2023,2023-03-07T07:21:34,2023-03-07T19:26:03,27.5,34,22.7,28.9,72.9,11.7,47.8,9.4,0
Semenyih,8/3/2023,2023-03-08T07:21:14,2023-03-08T19:25:53,28.2,32.9,24.6,30.2,71.3,10.5,50.8,10,0
Semenyih,9/3/2023,2023-03-09T07:20:55,2023-03-09T19:25:43,28.9,34.1,25.3,31.3,68.6,19.9,46.7,10,0
Semenyih,10/3/2023,2023-03-10T07:20:35,2023-03-10T19:25:32,28.3,33.5,25,30.6,71.7,12.4,55.5,10.1,100
Semenyih,11/3/2023,2023-03-11T07:20:15,2023-03-11T19:25:21,27.9,32.1,25,30,77.4,11.1,56.8,9.3,100
Semenyih,12/3/2023,2023-03-12T07:19:54,2023-03-12T19:25:10,27.1,32.8,24.3,29.3,84.7,9.3,54.4,9.3,100
Semenyih,13/3/2023,2023-03-13T07:19:33,2023-03-13T19:24:59,27.7,31.8,24.2,29.1,72,19.9,49.1,9.5,100
Semenyih,14/3/2023,2023-03-14T07:19:12,2023-03-14T19:24:48,28.1,32,24.6,29.4,66.3,13.6,55.4,10,0
Semenyih,15/3/2023,2023-03-15T07:18:50,2023-03-15T19:24:36,28.1,33.1,22.7,29.8,68.8,10.5,53.3,9.9,0
Semenyih,16/3/2023,2023-03-16T07:18:29,2023-03-16T19:24:24,28.7,33.8,24.7,31,67.4,16.9,53.1,9.8,0
Semenyih,17/3/2023,2023-03-17T07:18:07,2023-03-17T19:24:11,28.3,33.7,24.3,30.4,72.1,14.8,52.2,9.9,0
Semenyih,18/3/2023,2023-03-18T07:17:44,2023-03-18T19:23:59,28.3,34,23.6,30.9,74.8,9.9,47.7,10,100
Semenyih,19/3/2023,2023-03-19T07:17:22,2023-03-19T19:23:46,29,34.6,25.5,31.7,69.7,10.5,48.3,9.7,100
Semenyih,20/3/2023,2023-03-20T07:17:00,2023-03-20T19:23:34,28,32.8,24.7,31.1,79.1,9.9,58.5,9.6,100
Semenyih,21/3/2023,2023-03-21T07:16:37,2023-03-21T19:23:21,27,30.9,24.3,29.1,82.6,11.8,54,9.3,100
Semenyih,22/3/2023,2023-03-22T07:16:14,2023-03-22T19:23:08,28.5,33.2,25.2,31.7,79.1,9.9,50.6,9.4,0
Semenyih,23/3/2023,2023-03-23T07:15:51,2023-03-23T19:22:55,27.3,33.6,24.8,29.3,83.7,13.6,51.4,8.8,100
Semenyih,24/3/2023,2023-03-24T07:15:28,2023-03-24T19:22:42,27.4,33.5,24.4,29.6,84.5,21,59.9,8.5,100
Semenyih,25/3/2023,2023-03-25T07:15:05,2023-03-25T19:22:28,25.9,28.2,24.3,26.6,91,9.4,58,8.2,100
Semenyih,26/3/2023,2023-03-26T07:14:42,2023-03-26T19:22:15,28,32.4,24.5,31.1,80,12.3,52.2,9.6,0
Semenyih,27/3/2023,2023-03-27T07:14:19,2023-03-27T19:22:02,28.5,32.2,26.3,33.1,81.3,9.9,53.7,9.9,0
Semenyih,28/3/2023,2023-03-28T07:13:56,2023-03-28T19:21:49,29,35.2,25.4,32.2,76.4,11.2,47.4,9.5,0
Semenyih,29/3/2023,2023-03-29T07:13:33,2023-03-29T19:21:36,28.8,34.4,24.3,31.9,74.1,11.1,49.5,9.6,100
Semenyih,30/3/2023,2023-03-30T07:13:10,2023-03-30T19:21:23,27.9,32.8,24.3,30.6,79.7,11.8,51.8,9.6,100
Semenyih,31/3/2023,2023-03-31T07:12:48,2023-03-31T19:21:10,27.4,32.6,24.2,29.9,82.5,9.7,50.6,9.4,0
Semenyih,1/4/2023,2023-04-01T07:12:25,2023-04-01T19:20:57,27.9,31.9,25,30.9,80.7,8.1,50.8,8.7,100
Semenyih,2/4/2023,2023-04-02T07:12:02,2023-04-02T19:20:44,27.8,32.3,24.5,30.9,80.8,9.1,58.2,9.7,100
Semenyih,3/4/2023,2023-04-03T07:11:40,2023-04-03T19:20:31,27,30.8,23.4,29.3,81.3,9.5,57.2,9.4,100
Semenyih,4/4/2023,2023-04-04T07:11:17,2023-04-04T19:20:18,28.8,34,25.3,31.4,74.1,15.7,50.8,10,0
Semenyih,5/4/2023,2023-04-05T07:10:55,2023-04-05T19:20:06,27.2,30.1,24.7,29.6,81.3,11.7,53,9.6,100
Semenyih,6/4/2023,2023-04-06T07:10:33,2023-04-06T19:19:54,28.1,33.1,23.4,31.2,77.2,14.1,51.9,9.8,0
Semenyih,7/4/2023,2023-04-07T07:10:11,2023-04-07T19:19:42,27.2,33,24,29.8,82.9,14.1,51.9,9.3,100
Semenyih,8/4/2023,2023-04-08T07:09:49,2023-04-08T19:19:30,26.4,33,23.1,28.4,85.6,21.7,56,8.8,0
Semenyih,9/4/2023,2023-04-09T07:09:28,2023-04-09T19:19:18,27.8,31.8,24.3,31.2,82.5,14.1,54.7,9.5,100
Semenyih,10/4/2023,2023-04-10T07:09:07,2023-04-10T19:19:07,28.5,33,24.9,31.6,77.4,11.8,53.6,9.2,100
Semenyih,11/4/2023,2023-04-11T07:08:46,2023-04-11T19:18:56,29.1,33.3,25.3,32.9,76.2,11.1,49.9,9.3,0
Semenyih,12/4/2023,2023-04-12T07:08:26,2023-04-12T19:18:45,29.3,33.6,25.4,34.1,78.3,13.9,50.1,9,100
Semenyih,13/4/2023,2023-04-13T07:08:05,2023-04-13T19:18:34,29.4,33.9,26.3,34.8,79.5,13,53,7.9,0
Semenyih,14/4/2023,2023-04-14T07:07:46,2023-04-14T19:18:24,29,33.8,26,33.5,78.5,13.7,52.4,9.4,0
Semenyih,15/4/2023,2023-04-15T07:07:26,2023-04-15T19:18:14,29,32.9,25.5,33.8,79.6,12.9,52.3,8.7,0
Semenyih,16/4/2023,2023-04-16T07:07:07,2023-04-16T19:18:04,29.1,34.9,25.3,33.1,76.3,19.2,55.6,9,100
Semenyih,17/4/2023,2023-04-17T07:06:48,2023-04-17T19:17:55,28.3,34,24.7,32,80.7,12.3,53.3,8.3,100
Semenyih,18/4/2023,2023-04-18T07:06:30,2023-04-18T19:17:46,28.8,34.2,25.8,32.4,78.3,12.3,50.9,8.7,0
Semenyih,19/4/2023,2023-04-19T07:06:12,2023-04-19T19:17:38,28.6,32.8,25.8,32.3,80.1,9.9,51.3,8,0
Semenyih,20/4/2023,2023-04-20T07:05:54,2023-04-20T19:17:30,27.3,30.3,25.1,29.9,85.4,7.6,52,7.2,0
Semenyih,21/4/2023,2023-04-21T07:05:37,2023-04-21T19:17:22,28.4,33.3,24.9,31.7,79.7,13.5,52.9,8.1,100
Semenyih,22/4/2023,2023-04-22T07:05:20,2023-04-22T19:17:14,28,33.3,25.2,30.9,80.1,13,52.4,9.3,100
Semenyih,23/4/2023,2023-04-23T07:05:04,2023-04-23T19:17:07,28.4,33.4,25.3,32.3,82.3,10,47,8.9,100
Semenyih,24/4/2023,2023-04-24T07:04:49,2023-04-24T19:17:01,28.4,33,25.6,31.6,79,10,50.4,9.6,100
Semenyih,25/4/2023,2023-04-25T07:04:33,2023-04-25T19:16:55,27.4,33.8,24,29.9,84.4,14.7,44.9,9.3,100
Semenyih,26/4/2023,2023-04-26T07:04:19,2023-04-26T19:16:49,27.9,33,24.3,30.9,83.7,8.8,56.8,9,0
Semenyih,27/4/2023,2023-04-27T07:04:05,2023-04-27T19:16:44,27.5,34.3,25.1,29.7,86.1,13,53.2,9.1,100
Semenyih,28/4/2023,2023-04-28T07:03:51,2023-04-28T19:16:39,27.1,32.9,25,28.9,88,6.7,52.1,8.7,100
Semenyih,29/4/2023,2023-04-29T07:03:38,2023-04-29T19:16:35,27.1,33.3,24.7,29.2,86.9,16.6,45.5,8.6,100
Semenyih,30/4/2023,2023-04-30T07:03:25,2023-04-30T19:16:31,27.1,32.2,24.8,29.1,87.2,11.1,56,8.7,100
Semenyih,1/5/2023,2023-05-01T07:03:13,2023-05-01T19:16:28,28.2,34,24.9,31.8,84.9,12.3,54.6,9.3,100
Semenyih,2/5/2023,2023-05-02T07:03:02,2023-05-02T19:16:25,28.6,33,25,33.1,82.5,8.7,49.9,9.4,0
Semenyih,3/5/2023,2023-05-03T07:02:51,2023-05-03T19:16:23,28.3,34.1,25,31.4,83,14.4,52.6,8.9,0
Semenyih,4/5/2023,2023-05-04T07:02:41,2023-05-04T19:16:21,28.2,33.2,25.2,32.1,83.7,11.1,47.4,9.3,100
Semenyih,5/5/2023,2023-05-05T07:02:31,2023-05-05T19:16:20,28.8,31.3,26.3,34.1,83.4,10.5,50.6,9,100
Semenyih,6/5/2023,2023-05-06T07:02:22,2023-05-06T19:16:19,28.6,31.7,26,33.3,83.5,15.4,55.1,9.5,100
Semenyih,7/5/2023,2023-05-07T07:02:14,2023-05-07T19:16:19,28.1,32.2,24.9,31.4,81.3,9.9,49.8,9.5,100
Semenyih,8/5/2023,2023-05-08T07:02:06,2023-05-08T19:16:19,29.3,33.4,25.7,33.1,74.6,11.1,51.4,10.2,0
Semenyih,9/5/2023,2023-05-09T07:01:59,2023-05-09T19:16:20,29.9,33.5,27.2,34.6,70.4,11.5,50.7,10.1,0
Semenyih,10/5/2023,2023-05-10T07:01:52,2023-05-10T19:16:21,29.6,33.3,26.3,34.1,74.8,8.7,48.3,10,0
Semenyih,11/5/2023,2023-05-11T07:01:46,2023-05-11T19:16:23,29.3,33.7,25.4,34.4,79.1,8.7,50.9,9.5,100
Semenyih,12/5/2023,2023-05-12T07:01:41,2023-05-12T19:16:25,29.6,34.8,26.3,35,80.4,13,49.2,9.6,0
Semenyih,13/5/2023,2023-05-13T07:01:36,2023-05-13T19:16:28,28.9,33.3,26,33.8,80.8,11.7,51.5,9.2,0
Semenyih,14/5/2023,2023-05-14T07:01:32,2023-05-14T19:16:31,28.6,34,26,31.7,79.5,16,43,9.7,100
Semenyih,15/5/2023,2023-05-15T07:01:29,2023-05-15T19:16:35,28,33,25,31.7,82.3,14.8,53,9.2,0
Semenyih,16/5/2023,2023-05-16T07:01:26,2023-05-16T19:16:39,29.3,33.3,25.6,33.2,75.6,9.4,44.4,9.7,100
Semenyih,17/5/2023,2023-05-17T07:01:24,2023-05-17T19:16:44,29.3,33.5,26.3,34.2,78.8,12.3,52.5,9.8,0
Semenyih,18/5/2023,2023-05-18T07:01:22,2023-05-18T19:16:49,28.7,32.3,25.3,33.2,79.4,14.1,53.2,9.6,0
Semenyih,19/5/2023,2023-05-19T07:01:22,2023-05-19T19:16:55,28.7,34.3,24.5,32.1,79.9,16.7,51,9.5,0
Semenyih,20/5/2023,2023-05-20T07:01:21,2023-05-20T19:17:01,28.7,33.8,25.2,32.5,79.7,13,52.3,9.6,100
Semenyih,21/5/2023,2023-05-21T07:01:22,2023-05-21T19:17:08,27.6,31.7,24,30.8,82.9,14.1,46.5,9.3,0
Semenyih,22/5/2023,2023-05-22T07:01:23,2023-05-22T19:17:15,28.8,33.3,24.8,32.5,77.2,14.7,51.3,9.9,100
Semenyih,23/5/2023,2023-05-23T07:01:24,2023-05-23T19:17:23,28.4,32,25.3,32.3,80.3,11.2,37.7,9.7,0
Semenyih,24/5/2023,2023-05-24T07:01:26,2023-05-24T19:17:31,29.3,33.3,25.2,34.2,79.1,10.3,50.1,9.6,0
Semenyih,25/5/2023,2023-05-25T07:01:29,2023-05-25T19:17:40,29.5,33.7,26.3,33.8,76.8,9.7,48.2,9.5,100
Semenyih,26/5/2023,2023-05-26T07:01:32,2023-05-26T19:17:48,28.1,31,26.3,32.3,82.9,11,46.9,9.6,100
Semenyih,27/5/2023,2023-05-27T07:01:36,2023-05-27T19:17:58,28.7,33.3,25,32.1,77.2,10.5,44.7,9,0
Semenyih,28/5/2023,2023-05-28T07:01:41,2023-05-28T19:18:07,29.4,33.7,26,33.4,75.5,12.3,43.2,9.8,0
Semenyih,29/5/2023,2023-05-29T07:01:46,2023-05-29T19:18:17,29.2,34.3,25.3,33.6,76.7,9.3,44.9,10,0
Semenyih,30/5/2023,2023-05-30T07:01:51,2023-05-30T19:18:28,29.8,34.6,25.6,33.6,73.3,10,44,9.9,0
Semenyih,31/5/2023,2023-05-31T07:01:57,2023-05-31T19:18:39,28.9,33.3,24.1,33.8,79.9,9.7,48.1,9.5,0
Semenyih,1/6/2023,2023-06-01T07:02:04,2023-06-01T19:18:50,28.6,31.3,26,33.4,81.8,10.2,44.6,9.6,100
Semenyih,2/6/2023,2023-06-02T07:02:11,2023-06-02T19:19:01,29.2,33.3,25.7,33.4,76.2,11.1,46.9,9.6,0
Semenyih,3/6/2023,2023-06-03T07:02:19,2023-06-03T19:19:13,29.5,33.4,25.5,34.7,77.4,11.1,48.1,9.9,0
Semenyih,4/6/2023,2023-06-04T07:02:27,2023-06-04T19:19:24,28,32.6,24.3,31.3,80.5,14.1,58.3,9.6,0
Semenyih,5/6/2023,2023-06-05T07:02:35,2023-06-05T19:19:37,28,32.1,25.2,31.2,80.7,12.3,53.3,9.7,100
Semenyih,6/6/2023,2023-06-06T07:02:44,2023-06-06T19:19:49,28.8,33,25.3,32,76.9,10.5,47.1,10.1,0
Semenyih,7/6/2023,2023-06-07T07:02:53,2023-06-07T19:20:02,28.3,31.9,24.7,32.2,80.4,15.4,51.7,9.5,100
Semenyih,8/6/2023,2023-06-08T07:03:03,2023-06-08T19:20:14,28.4,33.3,25.3,31.6,77.5,12.4,49.6,9.9,100
Semenyih,9/6/2023,2023-06-09T07:03:13,2023-06-09T19:20:27,28.9,32.2,26,33.5,78.8,21,53,9.9,100
Semenyih,10/6/2023,2023-06-10T07:03:23,2023-06-10T19:20:40,28.4,32.9,24.8,32.4,80.7,15.9,56.2,9.6,100
Semenyih,11/6/2023,2023-06-11T07:03:34,2023-06-11T19:20:54,29.1,33.3,25.7,33.3,77.4,16.6,52.8,9.8,0
Semenyih,12/6/2023,2023-06-12T07:03:45,2023-06-12T19:21:07,28.4,32.5,23.7,32,76.8,16.6,52.2,9.8,100
Semenyih,13/6/2023,2023-06-13T07:03:57,2023-06-13T19:21:20,29.5,33.1,26.3,34.3,75.3,20.4,51.9,10,0
Semenyih,14/6/2023,2023-06-14T07:04:08,2023-06-14T19:21:34,27.9,32.6,22.2,31.4,78.8,18.7,55,9.1,100
Semenyih,15/6/2023,2023-06-15T07:04:20,2023-06-15T19:21:47,28.7,33.3,25.3,31.8,77.4,10.5,45.1,9.7,100
Semenyih,16/6/2023,2023-06-16T07:04:32,2023-06-16T19:22:01,29.5,33.3,26.2,33.7,74,13,46.9,10.1,0
Semenyih,17/6/2023,2023-06-17T07:04:45,2023-06-17T19:22:14,29.3,33.1,25.3,33.2,74.9,9.9,45.9,9.9,0
Semenyih,18/6/2023,2023-06-18T07:04:57,2023-06-18T19:22:27,28,31.7,26.5,31.7,81,22.5,40.5,9.2,100
Semenyih,19/6/2023,2023-06-19T07:05:10,2023-06-19T19:22:41,29,33.5,25.3,32.7,77.8,10.5,37.5,8.9,0
Semenyih,20/6/2023,2023-06-20T07:05:23,2023-06-20T19:22:54,29.3,33.1,25.3,34,76.5,10.5,44.3,9.7,0
Semenyih,21/6/2023,2023-06-21T07:05:36,2023-06-21T19:23:07,28.7,33.3,25.3,33,80.5,12.4,42.1,9.2,100
Semenyih,22/6/2023,2023-06-22T07:05:49,2023-06-22T19:23:20,29,33.8,25.2,32.6,76.6,14.1,43.6,9.4,0
Semenyih,23/6/2023,2023-06-23T07:06:02,2023-06-23T19:23:33,28,31.3,26,32,82.1,10.5,47.8,9,100
Semenyih,24/6/2023,2023-06-24T07:06:15,2023-06-24T19:23:46,27.1,31,25,29.3,85.9,9.4,45.6,8.3,100
Semenyih,25/6/2023,2023-06-25T07:06:28,2023-06-25T19:23:58,28.3,33,25.3,31.2,80,16.7,38.9,8.4,0
Semenyih,26/6/2023,2023-06-26T07:06:41,2023-06-26T19:24:10,27.3,32.3,24.2,29.7,82.5,13.6,49.7,9.2,100
Semenyih,27/6/2023,2023-06-27T07:06:54,2023-06-27T19:24:22,28.5,34,24.3,31.9,77.9,14.7,42.3,9.1,100
Semenyih,28/6/2023,2023-06-28T07:07:07,2023-06-28T19:24:34,27.9,31.3,24.7,31.4,81.5,13.5,49.8,9.6,0
Semenyih,29/6/2023,2023-06-29T07:07:20,2023-06-29T19:24:46,28.5,32.7,25.2,32,79.9,7.8,46.4,9.5,100
Semenyih,30/6/2023,2023-06-30T07:07:33,2023-06-30T19:24:57,28.1,32,25.2,31.2,81.7,9.9,44.4,9.5,100
Semenyih,1/7/2023,2023-07-01T07:07:46,2023-07-01T19:25:07,27.7,32.1,24.3,30.9,82.7,10,54,9.4,100
Semenyih,2/7/2023,2023-07-02T07:07:59,2023-07-02T19:25:18,28.9,32,26.3,32.9,76.3,11.1,43.4,9.9,0
Semenyih,3/7/2023,2023-07-03T07:08:11,2023-07-03T19:25:28,29.1,31.9,26.5,34,78.6,10.9,49.8,9.6,0
Semenyih,4/7/2023,2023-07-04T07:08:24,2023-07-04T19:25:37,28.7,33.3,25.7,32.2,79.8,15.4,48.8,9.5,0
Semenyih,5/7/2023,2023-07-05T07:08:36,2023-07-05T19:25:47,27,32.3,24.1,29.5,86.1,17.2,53,8.9,100
Semenyih,6/7/2023,2023-07-06T07:08:48,2023-07-06T19:25:55,26.4,31.7,23.7,28.2,87.8,18,49.4,8.6,100
Semenyih,7/7/2023,2023-07-07T07:08:59,2023-07-07T19:26:04,26.4,31.3,24.8,28.1,87.6,9.4,45.1,8.7,100
Semenyih,8/7/2023,2023-07-08T07:09:10,2023-07-08T19:26:12,27.4,30.7,24.3,30.5,83.4,12.4,53.1,9,100
Semenyih,9/7/2023,2023-07-09T07:09:21,2023-07-09T19:26:19,27.5,31.9,24.8,30.1,82.1,8.2,50.3,9.2,100
Semenyih,10/7/2023,2023-07-10T07:09:32,2023-07-10T19:26:26,27.9,32.1,23.2,30.9,79.5,11.7,54.1,9.5,100
Semenyih,11/7/2023,2023-07-11T07:09:43,2023-07-11T19:26:32,27.4,31.5,24.3,30.1,82,9.7,51.9,9.5,100
Semenyih,12/7/2023,2023-07-12T07:09:53,2023-07-12T19:26:38,27.1,31,25.3,29.1,85.1,11,51.4,9.7,100
Semenyih,13/7/2023,2023-07-13T07:10:02,2023-07-13T19:26:43,27.9,31.8,24.6,30.9,80.5,11.2,50.7,9.5,100
Semenyih,14/7/2023,2023-07-14T07:10:12,2023-07-14T19:26:48,26.4,28.9,23.9,27.9,83.8,16,49.6,9.1,100
Semenyih,15/7/2023,2023-07-15T07:10:21,2023-07-15T19:26:52,27.9,32.6,23.9,30.2,76.9,11.1,49.5,10,100
Semenyih,16/7/2023,2023-07-16T07:10:29,2023-07-16T19:26:55,28.5,33.2,24.7,31.8,76.6,9.3,44.1,9.6,0
Semenyih,17/7/2023,2023-07-17T07:10:37,2023-07-17T19:26:58,28.5,32.3,26,32.5,79,8.8,52.6,9.7,0
Semenyih,18/7/2023,2023-07-18T07:10:45,2023-07-18T19:27:00,27.7,31.7,24.4,30.8,81.8,7.6,46.3,9.7,100
Semenyih,19/7/2023,2023-07-19T07:10:52,2023-07-19T19:27:02,26.6,30.5,25.1,28.1,87.1,9.9,55.9,9.1,100
Semenyih,20/7/2023,2023-07-20T07:10:59,2023-07-20T19:27:03,26,29.2,23,27.6,87,6.1,52.8,9,0
Semenyih,21/7/2023,2023-07-21T07:11:05,2023-07-21T19:27:03,28.7,32.3,25.9,31.7,76.6,11.1,47.9,9.6,100
Semenyih,22/7/2023,2023-07-22T07:11:11,2023-07-22T19:27:03,27.3,30.2,24.5,30.6,86,10.4,51.8,9.2,0
Semenyih,23/7/2023,2023-07-23T07:11:16,2023-07-23T19:27:02,26.9,28.8,25.3,29.1,88.5,8.8,48.9,8.8,100
Semenyih,24/7/2023,2023-07-24T07:11:21,2023-07-24T19:27:01,28.5,32.7,24.4,31.3,76.6,11.2,51.7,9.4,0
Semenyih,25/7/2023,2023-07-25T07:11:25,2023-07-25T19:26:58,28.9,33.2,25.4,32.3,75.1,11.2,46.6,9.9,0
Semenyih,26/7/2023,2023-07-26T07:11:29,2023-07-26T19:26:56,29.2,33,26.1,32.5,73.4,9.9,47.2,10,0
Semenyih,27/7/2023,2023-07-27T07:11:32,2023-07-27T19:26:52,28.8,32.5,26,32.5,77.7,9.9,45.1,9.8,0
Semenyih,28/7/2023,2023-07-28T07:11:35,2023-07-28T19:26:48,28.7,32.3,25.4,32.7,79.9,9.3,49.1,9.2,100
Semenyih,29/7/2023,2023-07-29T07:11:37,2023-07-29T19:26:43,28,30.3,26,32,84.3,10.5,47,8.7,100
Semenyih,30/7/2023,2023-07-30T07:11:38,2023-07-30T19:26:37,29.3,32.3,27,34.4,76.9,15.4,40.9,9.3,0
Semenyih,31/7/2023,2023-07-31T07:11:39,2023-07-31T19:26:31,29,31.9,27.1,33,72,16.6,44.7,9.9,100
Semenyih,1/8/2023,2023-08-01T07:11:40,2023-08-01T19:26:24,28.7,31.3,26.6,32.5,76.1,9.9,44.9,10,0
Semenyih,2/8/2023,2023-08-02T07:11:40,2023-08-02T19:26:17,29.3,34.3,25.6,32.1,71.1,9.7,44.6,9.9,0
Semenyih,3/8/2023,2023-08-03T07:11:39,2023-08-03T19:26:08,28.2,31.6,25.5,32.2,79.9,12.9,44.8,9.5,100
Semenyih,4/8/2023,2023-08-04T07:11:38,2023-08-04T19:26:00,28.8,32.3,25.6,33.4,80.1,15.9,49,9.8,0
Semenyih,5/8/2023,2023-08-05T07:11:36,2023-08-05T19:25:50,29.3,33.2,25.3,33.8,76.4,14.2,45.3,9.7,0
Semenyih,6/8/2023,2023-08-06T07:11:34,2023-08-06T19:25:40,28.5,32.4,25.3,32.3,78.9,12.3,50.2,9.8,100
Semenyih,7/8/2023,2023-08-07T07:11:31,2023-08-07T19:25:29,28,31.7,25,31.5,80.6,9.8,42.4,9.5,100
Semenyih,8/8/2023,2023-08-08T07:11:28,2023-08-08T19:25:17,27.4,31.3,25.3,29.9,84.5,12.3,46.1,8.7,100
Semenyih,9/8/2023,2023-08-09T07:11:24,2023-08-09T19:25:05,28,33.1,24,31.4,82.4,12.2,45.4,9.3,100
Semenyih,10/8/2023,2023-08-10T07:11:20,2023-08-10T19:24:53,27.4,31.3,23.6,30.2,81.8,9.9,55,9.1,0
Semenyih,11/8/2023,2023-08-11T07:11:15,2023-08-11T19:24:39,27.8,31.2,24.9,30.7,81.3,12.3,45.3,9.5,0
Semenyih,12/8/2023,2023-08-12T07:11:09,2023-08-12T19:24:25,27.3,30,24.3,29.6,84,10.5,50.1,8.9,100
Semenyih,13/8/2023,2023-08-13T07:11:03,2023-08-13T19:24:11,27.7,30.4,25,31.2,84.3,8.7,54.5,9.3,100
Semenyih,14/8/2023,2023-08-14T07:10:57,2023-08-14T19:23:56,26.1,28,23.9,27.6,89.2,11.1,60.3,8.3,100
Semenyih,15/8/2023,2023-08-15T07:10:50,2023-08-15T19:23:40,27.9,31.7,24.3,31,80.1,7.9,47.9,9.7,100
Semenyih,16/8/2023,2023-08-16T07:10:42,2023-08-16T19:23:24,27.7,31.1,25.4,31.1,83.8,11.8,47.9,9.3,0
Semenyih,17/8/2023,2023-08-17T07:10:34,2023-08-17T19:23:07,27.2,31.1,23.8,29.2,82.8,14.1,48.4,9.1,100
Semenyih,18/8/2023,2023-08-18T07:10:26,2023-08-18T19:22:49,28,31.3,25.7,31,80.9,7.6,45.5,9.6,100
Semenyih,19/8/2023,2023-08-19T07:10:17,2023-08-19T19:22:31,27.8,30.7,25.3,30.6,82.5,10.5,46.3,9.2,0
Semenyih,20/8/2023,2023-08-20T07:10:08,2023-08-20T19:22:13,27.6,31.3,24.3,30.4,81.6,11.2,54.6,9.6,0
Semenyih,21/8/2023,2023-08-21T07:09:58,2023-08-21T19:21:54,26.7,29.2,25.1,28.8,87,10.5,49.2,9.2,100
Semenyih,22/8/2023,2023-08-22T07:09:47,2023-08-22T19:21:35,26.6,30,24.9,28.6,88.1,8.8,46.6,8.4,100
Semenyih,23/8/2023,2023-08-23T07:09:37,2023-08-23T19:21:15,28.3,32,24.8,31.5,77.7,11.8,50.4,9.4,100
Semenyih,24/8/2023,2023-08-24T07:09:26,2023-08-24T19:20:54,28.2,32.9,25.3,31.6,78.6,9.3,51.5,9.3,100
Semenyih,25/8/2023,2023-08-25T07:09:14,2023-08-25T19:20:34,27.9,31.9,25,31.1,81.4,11.1,50.7,8.8,100
Semenyih,26/8/2023,2023-08-26T07:09:02,2023-08-26T19:20:12,27.1,31,25,29.1,85,8.7,52.9,8.8,100
Semenyih,27/8/2023,2023-08-27T07:08:50,2023-08-27T19:19:51,28.1,33.1,24.9,31.7,81.3,9.9,52.1,9.3,100
Semenyih,28/8/2023,2023-08-28T07:08:37,2023-08-28T19:19:29,26.8,30.4,25.3,28.7,86.7,11.5,55.3,9,0
Semenyih,29/8/2023,2023-08-29T07:08:24,2023-08-29T19:19:06,27.2,30.9,24.1,30.4,85.7,11.8,50.5,9.3,100
Semenyih,30/8/2023,2023-08-30T07:08:11,2023-08-30T19:18:43,28,32.9,24,31.2,78.9,10.5,53.9,9.7,100
Semenyih,31/8/2023,2023-08-31T07:07:57,2023-08-31T19:18:20,28.1,31.6,25.1,31.6,81.5,12.3,53.1,9.7,100
Semenyih,1/9/2023,2023-09-01T07:07:43,2023-09-01T19:17:57,27.2,31,24.2,30.4,85,11.2,50.3,9,100
Semenyih,2/9/2023,2023-09-02T07:07:29,2023-09-02T19:17:33,28.3,32.3,25.7,31.5,81.1,8.7,48.3,9,100
Semenyih,3/9/2023,2023-09-03T07:07:14,2023-09-03T19:17:09,28.1,30.8,25.4,31.8,81.7,11.5,52,9.1,0
Semenyih,4/9/2023,2023-09-04T07:07:00,2023-09-04T19:16:45,27.4,30,24,30.9,84.2,12.9,51.4,8.4,100
Semenyih,5/9/2023,2023-09-05T07:06:45,2023-09-05T19:16:20,27.8,31.8,25.2,30.7,83,11,42.5,7.9,100
Semenyih,6/9/2023,2023-09-06T07:06:29,2023-09-06T19:15:55,25.9,28.6,23.9,27.2,86.8,10.6,51.7,8.7,100
Semenyih,7/9/2023,2023-09-07T07:06:14,2023-09-07T19:15:30,27.6,31.3,24.9,30.4,83.1,8.2,42.6,9.4,100
Semenyih,8/9/2023,2023-09-08T07:05:58,2023-09-08T19:15:05,28.1,31.3,26.3,32,82.1,12.3,40.9,8.7,0
Semenyih,9/9/2023,2023-09-09T07:05:43,2023-09-09T19:14:39,27.2,32.8,24,29.3,80.6,13.3,43.4,9,100
Semenyih,10/9/2023,2023-09-10T07:05:27,2023-09-10T19:14:14,27.6,32.3,23.3,30.4,78.6,9.9,39.5,9.6,100
Semenyih,11/9/2023,2023-09-11T07:05:10,2023-09-11T19:13:48,28.9,32.6,26,32.7,75.1,13,45,9.8,0
Semenyih,12/9/2023,2023-09-12T07:04:54,2023-09-12T19:13:22,29.6,33.3,26.3,33.4,71.6,19.7,48.9,9.1,0
Semenyih,13/9/2023,2023-09-13T07:04:38,2023-09-13T19:12:56,29.7,33.4,27.3,34.2,71.2,14.9,49.4,10.1,0
Semenyih,14/9/2023,2023-09-14T07:04:21,2023-09-14T19:12:30,29.6,33.7,25,33.3,71,14.4,42.4,9.7,0
Semenyih,15/9/2023,2023-09-15T07:04:05,2023-09-15T19:12:04,29.1,32.9,24.6,32.7,73.1,15.9,56.3,9.8,0
Semenyih,16/9/2023,2023-09-16T07:03:48,2023-09-16T19:11:37,28.9,32.7,25.7,33,76.3,11.1,52.6,9.2,0
Semenyih,17/9/2023,2023-09-17T07:03:32,2023-09-17T19:11:11,28.5,32.3,25.9,32.7,79.4,11.2,53.1,9.2,0
Semenyih,18/9/2023,2023-09-18T07:03:15,2023-09-18T19:10:45,28,33.2,23.3,31,76.7,15.9,53.2,8.9,100
Semenyih,19/9/2023,2023-09-19T07:02:59,2023-09-19T19:10:19,27.9,34.1,24.3,30.3,80.6,12.3,50.2,8.8,100
Semenyih,20/9/2023,2023-09-20T07:02:42,2023-09-20T19:09:52,26.3,30.8,23.6,27.6,89.3,13.5,44.8,8.7,100
Semenyih,21/9/2023,2023-09-21T07:02:26,2023-09-21T19:09:26,26.9,29.7,24.8,29,84,15.4,51.8,9,100
Semenyih,22/9/2023,2023-09-22T07:02:09,2023-09-22T19:09:00,27.2,32.3,23.3,29.5,81.2,13.6,45.3,9.4,100
Semenyih,23/9/2023,2023-09-23T07:01:53,2023-09-23T19:08:34,28.2,32.6,24.6,31.2,77.9,14.8,53.7,9.7,100
Semenyih,24/9/2023,2023-09-24T07:01:37,2023-09-24T19:08:08,27.4,30.7,25.1,30,82.3,17.2,46.5,9.5,100
Semenyih,25/9/2023,2023-09-25T07:01:20,2023-09-25T19:07:42,27.1,30.3,24.4,29.2,83.9,8.1,49.9,8.7,100
Semenyih,26/9/2023,2023-09-26T07:01:05,2023-09-26T19:07:17,28,30.8,25.3,31.4,82.4,8.5,54.2,8.9,100
Semenyih,27/9/2023,2023-09-27T07:00:49,2023-09-27T19:06:52,28.9,32.7,24.2,32.3,74.7,14.8,52.4,9.2,0
Semenyih,28/9/2023,2023-09-28T07:00:33,2023-09-28T19:06:26,29.1,33.2,24.7,32.6,70.4,13.6,47.5,9.7,0
Semenyih,29/9/2023,2023-09-29T07:00:18,2023-09-29T19:06:01,29.5,33.3,26,33.4,72.2,13.6,47.4,8.6,0
Semenyih,30/9/2023,2023-09-30T07:00:02,2023-09-30T19:05:37,28.4,33.8,25.6,31.6,77.8,10,53.9,8.5,100
Semenyih,1/10/2023,2023-10-01T06:59:47,2023-10-01T19:05:12,28.8,33.5,25,31.8,75.6,8.7,48.7,7.4,100
Semenyih,2/10/2023,2023-10-02T06:59:33,2023-10-02T19:04:48,28.5,31.3,25.1,32.8,78.9,11.1,54.7,7.5,100
Semenyih,3/10/2023,2023-10-03T06:59:18,2023-10-03T19:04:24,28.8,33.2,25.5,32.7,78.3,11.1,52.8,7.3,0
Semenyih,4/10/2023,2023-10-04T06:59:04,2023-10-04T19:04:01,28.4,32.1,25.7,31.8,81,9.9,49.6,8.5,100
Semenyih,5/10/2023,2023-10-05T06:58:50,2023-10-05T19:03:37,28.7,33.3,25.8,32.6,78.6,13.5,53.3,7.7,100
Semenyih,6/10/2023,2023-10-06T06:58:37,2023-10-06T19:03:15,28.6,32.5,26,32.5,80.9,12.3,50.7,7.3,100
Semenyih,7/10/2023,2023-10-07T06:58:24,2023-10-07T19:02:52,28.8,32.8,26,33.7,80.7,11.7,51.7,7.2,0
Semenyih,8/10/2023,2023-10-08T06:58:11,2023-10-08T19:02:30,29.2,34,25.7,32.7,73.9,12.3,49.4,6.8,0
Semenyih,9/10/2023,2023-10-09T06:57:59,2023-10-09T19:02:08,28.9,33.4,26,33,76.1,13,49.3,7.6,0
Semenyih,10/10/2023,2023-10-10T06:57:47,2023-10-10T19:01:47,27.7,30.1,25.8,31,84,11.1,50.6,8,100
Semenyih,11/10/2023,2023-10-11T06:57:35,2023-10-11T19:01:27,28.3,33.6,25.1,31.8,80.8,13.6,53,8.4,100
Semenyih,12/10/2023,2023-10-12T06:57:24,2023-10-12T19:01:07,28.9,34,25,32.9,78.1,14.2,52.9,8.4,100
Semenyih,13/10/2023,2023-10-13T06:57:14,2023-10-13T19:00:47,28.9,34,25,32.5,77,10.5,45.5,7.9,0
Semenyih,14/10/2023,2023-10-14T06:57:04,2023-10-14T19:00:28,29.2,33.3,25.9,33.8,77,12.9,49.3,7.3,0
Semenyih,15/10/2023,2023-10-15T06:56:54,2023-10-15T19:00:09,28.6,33,24.7,32.3,76.5,9.3,51.7,9.5,100
Semenyih,16/10/2023,2023-10-16T06:56:45,2023-10-16T18:59:51,28.6,33.1,24.9,32.1,76.1,10.5,54.3,9.6,100
Semenyih,17/10/2023,2023-10-17T06:56:37,2023-10-17T18:59:34,28.2,32.6,23,31.6,77.1,9.7,54,8.8,100
Semenyih,18/10/2023,2023-10-18T06:56:29,2023-10-18T18:59:17,27.8,34,25,30.3,81.6,11.1,47.3,6.7,0
Semenyih,19/10/2023,2023-10-19T06:56:21,2023-10-19T18:59:01,27.8,32.4,25,30.6,82.9,11.7,56.1,7.3,100
Semenyih,20/10/2023,2023-10-20T06:56:15,2023-10-20T18:58:46,27.1,30.9,25.1,29.6,86.8,12.9,55.5,7.7,0
Semenyih,21/10/2023,2023-10-21T06:56:09,2023-10-21T18:58:31,26.9,29.6,25,29.4,85.6,12.4,51.4,8.4,100
Semenyih,22/10/2023,2023-10-22T06:56:03,2023-10-22T18:58:17,28,33,24.9,30.7,79.8,15.4,54.9,9.2,100
Semenyih,23/10/2023,2023-10-23T06:55:58,2023-10-23T18:58:03,26.8,32.9,24,28.8,83.7,16.7,51.9,9,100
Semenyih,24/10/2023,2023-10-24T06:55:54,2023-10-24T18:57:51,26.4,31.5,23.7,27.7,86.8,9.9,50.5,9.2,100
Semenyih,25/10/2023,2023-10-25T06:55:51,2023-10-25T18:57:39,27.1,31.4,24.8,29.3,84.7,16.5,55.1,9.1,100
Semenyih,26/10/2023,2023-10-26T06:55:48,2023-10-26T18:57:28,26.9,32.1,24.3,28.9,86.2,11.1,47.7,9.3,100
Semenyih,27/10/2023,2023-10-27T06:55:46,2023-10-27T18:57:17,28,33.1,24.9,31.2,81.3,10.1,52.6,8,100
Semenyih,28/10/2023,2023-10-28T06:55:44,2023-10-28T18:57:08,26.9,32.8,25,28.8,86.5,12,55.7,6.9,100
Semenyih,29/10/2023,2023-10-29T06:55:44,2023-10-29T18:56:59,26.8,32.3,24.1,28.8,85.3,11.1,50.8,8.2,100
Semenyih,30/10/2023,2023-10-30T06:55:44,2023-10-30T18:56:51,27.4,32.7,24.5,29.9,82.7,10.5,49,9.3,0
Semenyih,31/10/2023,2023-10-31T06:55:45,2023-10-31T18:56:44,28.1,33,25,30.7,80.9,11.8,53.6,9.2,100
Semenyih,1/11/2023,2023-11-01T06:55:46,2023-11-01T18:56:37,27.1,32.6,24.5,29.5,85.8,15.6,52,7.9,100
Semenyih,2/11/2023,2023-11-02T06:55:49,2023-11-02T18:56:32,27.9,33,24.7,31.1,81.9,13.5,44,8.9,100
Semenyih,3/11/2023,2023-11-03T06:55:52,2023-11-03T18:56:27,28,32.6,25,31.3,81.7,9.3,49.2,9.6,100
Semenyih,4/11/2023,2023-11-04T06:55:56,2023-11-04T18:56:23,28.3,34,25.2,31.2,80.4,10.5,52.9,8.8,0
Semenyih,5/11/2023,2023-11-05T06:56:00,2023-11-05T18:56:21,27,33,23.1,29.1,83.8,13.5,53.3,8.8,100
Semenyih,6/11/2023,2023-11-06T06:56:06,2023-11-06T18:56:19,27.4,33,24.6,29.5,85.4,15.6,58.2,8.5,100
Semenyih,7/11/2023,2023-11-07T06:56:12,2023-11-07T18:56:18,27,32.6,24.1,29.4,86.9,15.4,52.8,9.1,100
Semenyih,8/11/2023,2023-11-08T06:56:19,2023-11-08T18:56:17,27.5,32,24.3,30.9,84.9,10.4,53.3,9,100
Semenyih,9/11/2023,2023-11-09T06:56:27,2023-11-09T18:56:18,27.3,30.4,25.4,30,86.4,11,54.5,8.8,100
Semenyih,10/11/2023,2023-11-10T06:56:36,2023-11-10T18:56:20,28,32.8,24.3,31.6,82.3,9.9,51.1,9.3,0
Semenyih,11/11/2023,2023-11-11T06:56:46,2023-11-11T18:56:22,28.4,33,25,31.8,79.7,14.7,51.6,9.5,100
Semenyih,12/11/2023,2023-11-12T06:56:56,2023-11-12T18:56:26,27.8,32.6,24.6,31.6,83.1,14.8,50.2,9.2,100
Semenyih,13/11/2023,2023-11-13T06:57:07,2023-11-13T18:56:30,28.1,33.3,25,31.7,84.1,13,53.7,8.6,0
Semenyih,14/11/2023,2023-11-14T06:57:19,2023-11-14T18:56:36,27.7,31.8,25,31.1,86.2,15.4,48.2,8.5,100
Semenyih,15/11/2023,2023-11-15T06:57:32,2023-11-15T18:56:42,27.8,31.9,24.5,30.7,84.9,16,54.6,8.9,100
Semenyih,16/11/2023,2023-11-16T06:57:45,2023-11-16T18:56:49,28.1,32.8,24.5,31.6,82.8,7.3,52.7,9.3,100
Semenyih,17/11/2023,2023-11-17T06:57:59,2023-11-17T18:56:57,27.5,32.7,25.3,29.9,85.7,11.7,59.1,8.9,100
Semenyih,18/11/2023,2023-11-18T06:58:15,2023-11-18T18:57:06,27.2,33,24.3,29.7,86.8,16.6,51.5,8.2,100
Semenyih,19/11/2023,2023-11-19T06:58:30,2023-11-19T18:57:16,27.8,31,25.1,30.4,80.6,8.4,47.8,9.5,100
Semenyih,20/11/2023,2023-11-20T06:58:47,2023-11-20T18:57:27,28,31,25,31.4,81.9,12.7,48.3,9.8,0
Semenyih,21/11/2023,2023-11-21T06:59:04,2023-11-21T18:57:38,27.2,30.2,25.6,29.3,85.9,12,55.4,9,100
Semenyih,22/11/2023,2023-11-22T06:59:22,2023-11-22T18:57:51,27,30.7,25.1,29.2,88.9,9.3,55.7,7.9,100
Semenyih,23/11/2023,2023-11-23T06:59:41,2023-11-23T18:58:04,26.9,30.3,24.3,29.4,87.9,11.8,52.1,8.9,100
Semenyih,24/11/2023,2023-11-24T07:00:01,2023-11-24T18:58:19,27,30.7,24.3,29.8,87.7,10.5,57.1,8.4,100
Semenyih,25/11/2023,2023-11-25T07:00:21,2023-11-25T18:58:34,26.8,30.6,25,28.8,88.2,11.2,56,9.1,100
Semenyih,26/11/2023,2023-11-26T07:00:42,2023-11-26T18:58:50,27,32.3,24.8,28.9,86,15.4,50.9,8.7,100
Semenyih,27/11/2023,2023-11-27T07:01:04,2023-11-27T18:59:06,26.9,32.1,24.9,28.5,86.2,9.1,49.8,9.1,100
Semenyih,28/11/2023,2023-11-28T07:01:26,2023-11-28T18:59:24,28.5,33.2,24.9,31.8,78.4,15.6,53.6,9.6,0
Semenyih,29/11/2023,2023-11-29T07:01:49,2023-11-29T18:59:42,28.5,32.4,24.3,31.8,76.9,14.8,48.7,10,0
Semenyih,30/11/2023,2023-11-30T07:02:12,2023-11-30T19:00:01,28.3,32.2,25.8,32.7,82.9,9.9,54.4,9.7,0
Semenyih,1/12/2023,2023-12-01T07:02:36,2023-12-01T19:00:21,27.3,31.1,24.2,30.2,85,8.8,49.3,9,100
Semenyih,2/12/2023,2023-12-02T07:03:01,2023-12-02T19:00:42,27.3,32,25,29.4,83.9,11.7,51.7,9.4,100
Semenyih,3/12/2023,2023-12-03T07:03:26,2023-12-03T19:01:03,27.2,31,24.3,30,87,8.2,54.2,9,100
Semenyih,4/12/2023,2023-12-04T07:03:51,2023-12-04T19:01:25,28.6,33.3,25.3,32.3,80.9,11.2,54.4,9.6,100
Semenyih,5/12/2023,2023-12-05T07:04:17,2023-12-05T19:01:48,28,33.5,25,31.3,82.6,11,56.5,9.1,100
Semenyih,6/12/2023,2023-12-06T07:04:44,2023-12-06T19:02:11,26.3,30.2,23.7,28.4,88.4,11.8,57.3,8.4,100
Semenyih,7/12/2023,2023-12-07T07:05:11,2023-12-07T19:02:35,26,31.5,24.3,27.2,90,16.6,54.5,8.1,100
Semenyih,8/12/2023,2023-12-08T07:05:38,2023-12-08T19:03:00,27.4,33.4,24.3,29.9,85.9,10.5,55.9,8.5,100
Semenyih,9/12/2023,2023-12-09T07:06:06,2023-12-09T19:03:25,27.6,32,25.8,30.2,88,11.1,55,8.4,100
Semenyih,10/12/2023,2023-12-10T07:06:34,2023-12-10T19:03:50,27.2,31.6,25,30,87.3,10.5,53.6,8.5,0
Semenyih,11/12/2023,2023-12-11T07:07:03,2023-12-11T19:04:17,27.2,32.3,25,29.3,87.5,12.4,57.7,7.6,100
Semenyih,12/12/2023,2023-12-12T07:07:31,2023-12-12T19:04:43,25.6,29.1,24.3,26.7,93,10,57.9,7.9,100
Semenyih,13/12/2023,2023-12-13T07:08:00,2023-12-13T19:05:10,26.6,32.3,23.9,28,87.3,10.9,54.3,8.3,100
Semenyih,14/12/2023,2023-12-14T07:08:30,2023-12-14T19:05:38,26.7,31,24.9,28.3,88,9.4,57.3,8.9,100
Semenyih,15/12/2023,2023-12-15T07:08:59,2023-12-15T19:06:06,27,31.7,24.5,28.9,88.9,12.9,54.3,9.2,100
Semenyih,16/12/2023,2023-12-16T07:09:28,2023-12-16T19:06:34,27.5,32.3,24.5,30,84.9,10.3,55.3,9,100
Semenyih,17/12/2023,2023-12-17T07:09:58,2023-12-17T19:07:02,28.8,33.8,25.7,31.8,75.9,16.9,51.4,9.7,100
Semenyih,18/12/2023,2023-12-18T07:10:28,2023-12-18T19:07:31,28.2,33,25.4,31.6,79.8,12.3,56.6,9.5,100
Semenyih,19/12/2023,2023-12-19T07:10:58,2023-12-19T19:08:00,26.6,31.9,25.1,28.2,88.5,14.2,58.5,8.1,100
Semenyih,20/12/2023,2023-12-20T07:11:28,2023-12-20T19:08:30,27.3,31.9,24.3,30.1,84.3,15,54.9,9.3,100
Semenyih,21/12/2023,2023-12-21T07:11:57,2023-12-21T19:08:59,27.3,31.9,24.8,29.8,84.6,12.1,53.9,9.2,100
Semenyih,22/12/2023,2023-12-22T07:12:27,2023-12-22T19:09:29,27.2,31.6,25,29.7,86.8,12.3,56.3,8.8,100
Semenyih,23/12/2023,2023-12-23T07:12:57,2023-12-23T19:09:59,27.4,32.3,24.9,29.9,86,10.6,55.5,8.3,100
Semenyih,24/12/2023,2023-12-24T07:13:27,2023-12-24T19:10:29,27.3,31,24.8,30.4,85.7,11.1,54.6,8.9,100
Semenyih,25/12/2023,2023-12-25T07:13:56,2023-12-25T19:10:59,28.4,32.4,25.4,31.6,78.1,16.8,56.2,9.7,100
Semenyih,26/12/2023,2023-12-26T07:14:25,2023-12-26T19:11:29,27,31,25.3,28.8,84.3,12.4,59.3,9.2,0
Semenyih,27/12/2023,2023-12-27T07:14:55,2023-12-27T19:11:59,27.5,32.1,25,30.4,84.5,14.1,58.2,8.8,100
Semenyih,28/12/2023,2023-12-28T07:15:23,2023-12-28T19:12:29,27.6,32.2,25.3,29.9,84.7,9.3,58,9.2,0
Semenyih,29/12/2023,2023-12-29T07:15:52,2023-12-29T19:12:59,27.1,32,25,29.1,86.4,12.9,53.7,9,100
Semenyih,30/12/2023,2023-12-30T07:16:20,2023-12-30T19:13:29,26.5,31.6,24.4,28,89.4,12.9,55.6,8.5,100
Semenyih,31/12/2023,2023-12-31T07:16:48,2023-12-31T19:13:59,26.9,31.7,24.8,29.1,89,14.2,50.6,8.3,100
Semenyih,1/1/2024,2024-01-01T07:17:16,2024-01-01T19:14:28,27.9,32.1,24.8,31.3,83.6,9.3,51.7,9.6,100
Semenyih,2/1/2024,2024-01-02T07:17:43,2024-01-02T19:14:57,27.8,31.7,25,30.5,85,11.8,54.8,9.2,100
Semenyih,3/1/2024,2024-01-03T07:18:10,2024-01-03T19:15:27,27.8,31.4,25.2,30.6,83,14.1,54.9,9.2,100
Semenyih,4/1/2024,2024-01-04T07:18:36,2024-01-04T19:15:55,27.2,33,25.3,29.4,87.9,10.5,54.8,8.6,100
Semenyih,5/1/2024,2024-01-05T07:19:02,2024-01-05T19:16:24,28,32.9,25,30.7,79.2,12.9,52.6,9.6,0
Semenyih,6/1/2024,2024-01-06T07:19:28,2024-01-06T19:16:52,27.1,30.9,25.2,29,84.4,8.7,52.4,9.3,100
Semenyih,7/1/2024,2024-01-07T07:19:52,2024-01-07T19:17:20,25.8,27.7,24.6,26.3,91.5,10,50.8,8.5,100
Semenyih,8/1/2024,2024-01-08T07:20:17,2024-01-08T19:17:48,27.1,31,24,29.6,84.2,7.6,51.4,9.7,100
Semenyih,9/1/2024,2024-01-09T07:20:40,2024-01-09T19:18:15,26.5,30.3,24.4,28.3,89.8,10.5,57.1,8.5,100
Semenyih,10/1/2024,2024-01-10T07:21:03,2024-01-10T19:18:42,27.6,32.9,24,30.6,83.2,8.4,55.3,9.1,100
Semenyih,11/1/2024,2024-01-11T07:21:26,2024-01-11T19:19:08,27.8,33,24.6,30.8,84,11.1,53.7,9,100
Semenyih,12/1/2024,2024-01-12T07:21:48,2024-01-12T19:19:34,27.7,32.4,24.6,30,80.9,9.3,51.8,9.4,0
Semenyih,13/1/2024,2024-01-13T07:22:09,2024-01-13T19:19:59,28.2,33,24.7,30.9,78.1,10,48.1,9.4,0
Semenyih,14/1/2024,2024-01-14T07:22:29,2024-01-14T19:20:24,28.7,33.4,25.9,31.6,76.2,10.5,50.5,9.5,0
Semenyih,15/1/2024,2024-01-15T07:22:49,2024-01-15T19:20:48,27.7,33,25,30.2,81.1,13,56.2,9.1,0
Semenyih,16/1/2024,2024-01-16T07:23:08,2024-01-16T19:21:12,26.8,31.4,24.8,28.7,86,17.4,57.8,9.1,100
Semenyih,17/1/2024,2024-01-17T07:23:26,2024-01-17T19:21:35,27.9,31.8,24.9,30.6,78.1,16,53.2,9.8,100
Semenyih,18/1/2024,2024-01-18T07:23:43,2024-01-18T19:21:57,27.4,31.2,25.3,30.1,83.7,13,55.1,9.3,0
Semenyih,19/1/2024,2024-01-19T07:24:00,2024-01-19T19:22:19,27,30.7,24.1,29.4,85.7,13.5,51.7,9.2,100
Semenyih,20/1/2024,2024-01-20T07:24:16,2024-01-20T19:22:40,27,30.1,24.9,29.4,87,5.7,54.3,8.1,100
Semenyih,21/1/2024,2024-01-21T07:24:31,2024-01-21T19:23:01,27.9,31.8,24.4,30.1,78.3,15.4,50.9,9.2,100
Semenyih,22/1/2024,2024-01-22T07:24:45,2024-01-22T19:23:20,27.1,31.1,24.7,29.2,84.2,8.4,51.5,8.4,0
Semenyih,23/1/2024,2024-01-23T07:24:58,2024-01-23T19:23:40,26.9,32.8,24.1,28.8,84.7,10.5,58.6,8.3,100
Semenyih,24/1/2024,2024-01-24T07:25:11,2024-01-24T19:23:58,26.8,33.5,23,28.3,83.8,10,57.2,8.5,100
Semenyih,25/1/2024,2024-01-25T07:25:22,2024-01-25T19:24:16,27.6,33.2,25.5,30,81.7,14.1,56.3,9.2,100
Semenyih,26/1/2024,2024-01-26T07:25:33,2024-01-26T19:24:33,28.9,33.2,25.3,31.8,71.1,22.9,52.9,10.1,100
Semenyih,27/1/2024,2024-01-27T07:25:43,2024-01-27T19:24:49,29.6,33.8,26,32.6,66.5,20.5,57.6,9.9,0
Semenyih,28/1/2024,2024-01-28T07:25:52,2024-01-28T19:25:05,29,33.6,26.2,32.1,70.3,15.4,55.7,9.8,0
Semenyih,29/1/2024,2024-01-29T07:26:00,2024-01-29T19:25:19,28.1,34.3,25.3,30,73.1,18.7,55.8,9.7,100
Semenyih,30/1/2024,2024-01-30T07:26:08,2024-01-30T19:25:33,28.3,33.6,24.7,30.9,74.6,14.6,53.7,9.9,100
Semenyih,31/1/2024,2024-01-31T07:26:14,2024-01-31T19:25:47,28.7,33.6,25.7,31.4,74.3,11.1,51.6,10.1,100
Semenyih,1/2/2024,2024-02-01T07:26:20,2024-02-01T19:25:59,28.2,33.1,25.2,30.9,79.8,11.5,53.9,9.5,0
Semenyih,2/2/2024,2024-02-02T07:26:24,2024-02-02T19:26:11,27.6,33.3,25,29.8,83.4,15.6,52.5,9.2,100
Semenyih,3/2/2024,2024-02-03T07:26:28,2024-02-03T19:26:22,27.5,31.1,25.6,29.9,84.6,12.4,52.5,9.4,100
Semenyih,4/2/2024,2024-02-04T07:26:31,2024-02-04T19:26:32,28.3,33.3,24.5,32.1,82.1,11.7,51.9,9.2,100
Semenyih,5/2/2024,2024-02-05T07:26:33,2024-02-05T19:26:41,28.4,33.8,25.1,31.6,80.6,19.7,54.6,9.6,0
Semenyih,6/2/2024,2024-02-06T07:26:34,2024-02-06T19:26:50,28.6,33.9,24.8,32.1,78.9,15.1,56.4,9,0
Semenyih,7/2/2024,2024-02-07T07:26:35,2024-02-07T19:26:58,28.9,33.6,26.2,32.6,76,11.8,54.4,9.8,100
Semenyih,8/2/2024,2024-02-08T07:26:34,2024-02-08T19:27:05,28.3,32.7,25,31.8,80.4,11.2,51.6,9.7,0
Semenyih,9/2/2024,2024-02-09T07:26:33,2024-02-09T19:27:12,28.6,33.7,25.3,32.7,81.3,17.2,52.9,10.6,100
Semenyih,10/2/2024,2024-02-10T07:26:30,2024-02-10T19:27:17,28.8,33.7,24.6,31.4,71,17.4,45.2,9.6,100
Semenyih,11/2/2024,2024-02-11T07:26:27,2024-02-11T19:27:22,28.5,33.7,23.2,30.5,68.1,19.2,43.4,10,0
Semenyih,12/2/2024,2024-02-12T07:26:23,2024-02-12T19:27:26,28.9,34.7,24.9,31.6,67.8,13,46,10.2,100
Semenyih,13/2/2024,2024-02-13T07:26:19,2024-02-13T19:27:30,29.3,34.3,25.5,32.4,69.2,16.6,40.1,10.1,100
Semenyih,14/2/2024,2024-02-14T07:26:13,2024-02-14T19:27:32,28.6,33.3,25.6,31.8,75,18.2,33.4,10,100
Semenyih,15/2/2024,2024-02-15T07:26:07,2024-02-15T19:27:34,28.7,32,26.4,32,72.1,14.6,30,10.1,100
Semenyih,16/2/2024,2024-02-16T07:26:00,2024-02-16T19:27:36,29,35.2,25,31.8,71.3,13.6,52.6,10.1,0
Semenyih,17/2/2024,2024-02-17T07:25:52,2024-02-17T19:27:36,28.9,34.6,24.3,31.8,72.3,17.9,60.1,10,100
Semenyih,18/2/2024,2024-02-18T07:25:43,2024-02-18T19:27:36,29.5,34.9,25.9,33.4,71.2,13,53.5,10,0
Semenyih,19/2/2024,2024-02-19T07:25:34,2024-02-19T19:27:35,28.8,33.5,24.7,32.6,76.6,13.7,52.2,9.5,100
Semenyih,20/2/2024,2024-02-20T07:25:24,2024-02-20T19:27:34,28.4,33.4,26,31.9,82.2,13.5,56.4,8.9,100
Semenyih,21/2/2024,2024-02-21T07:25:13,2024-02-21T19:27:32,28.3,33.4,25.6,31.3,83,20.4,56.9,9.6,100
Semenyih,22/2/2024,2024-02-22T07:25:02,2024-02-22T19:27:29,28.2,32.5,25.9,31.5,81.6,12.4,55.3,9.7,100
Semenyih,23/2/2024,2024-02-23T07:24:50,2024-02-23T19:27:26,28.8,33.6,26.1,32.5,78.5,17.2,54,9.9,100
Semenyih,24/2/2024,2024-02-24T07:24:37,2024-02-24T19:27:22,28.3,32.7,26.2,31.7,80.3,9.7,52.6,9.5,100
Semenyih,25/2/2024,2024-02-25T07:24:24,2024-02-25T19:27:18,29.1,34.8,24.4,32.1,71.8,12.6,54.6,9.8,0
Semenyih,26/2/2024,2024-02-26T07:24:10,2024-02-26T19:27:13,29.5,35.3,26,32.9,69.4,14.8,50.8,10,100
Semenyih,27/2/2024,2024-02-27T07:23:55,2024-02-27T19:27:07,29.8,36,26,32.8,66.6,15.6,48.9,10.2,100
Semenyih,28/2/2024,2024-02-28T07:23:40,2024-02-28T19:27:01,30.2,35.5,26.6,33.3,61.8,19.5,53.5,10.1,0
Semenyih,29/2/2024,2024-02-29T07:23:24,2024-02-29T19:26:55,29.9,35.8,26.5,32.9,64.5,17.5,49,10,0
Semenyih,1/3/2024,2024-03-01T07:23:08,2024-03-01T19:26:48,28.8,33.9,25.3,31.6,77,11.7,52.9,9.2,100
Semenyih,2/3/2024,2024-03-02T07:22:51,2024-03-02T19:26:40,28.3,34.2,25.3,31.4,81.8,11.4,57.2,9.3,100
Semenyih,3/3/2024,2024-03-03T07:22:34,2024-03-03T19:26:32,28.3,32,26,31.8,79.7,13.7,54.7,9.7,100
Semenyih,4/3/2024,2024-03-04T07:22:16,2024-03-04T19:26:24,29.4,34.3,25.9,33.4,74.1,11.7,53.6,10.1,0
Semenyih,5/3/2024,2024-03-05T07:21:58,2024-03-05T19:26:15,28.4,33.7,26.2,32.7,82.4,11.8,53.5,9.2,100
Semenyih,6/3/2024,2024-03-06T07:21:39,2024-03-06T19:26:05,28.6,33.8,25.3,32.7,82.4,10.5,54.4,9.3,100
Semenyih,7/3/2024,2024-03-07T07:21:20,2024-03-07T19:25:56,28.2,32.4,26,32.4,85.9,15.8,57.9,9.1,0
Semenyih,8/3/2024,2024-03-08T07:21:00,2024-03-08T19:25:46,26.6,30,24.2,28,89.9,10.5,57.9,8.3,100
Semenyih,9/3/2024,2024-03-09T07:20:40,2024-03-09T19:25:35,28.2,34.3,23.9,31.4,80.7,10.7,52.6,9.8,100
Semenyih,10/3/2024,2024-03-10T07:20:20,2024-03-10T19:25:25,28.7,32.7,25.1,32.6,77.1,12.9,54.8,9.9,100
Semenyih,11/3/2024,2024-03-11T07:20:00,2024-03-11T19:25:14,29,33.8,26,32.6,73.8,10.6,51.8,9.6,0
Semenyih,12/3/2024,2024-03-12T07:19:39,2024-03-12T19:25:02,29,33.3,25.1,33.1,76,9.9,51.8,9.1,100
Semenyih,13/3/2024,2024-03-13T07:19:18,2024-03-13T19:24:51,29.1,34,24.6,33,76.3,11.7,55.3,8.9,100
Semenyih,14/3/2024,2024-03-14T07:18:56,2024-03-14T19:24:39,29.2,34.5,24.6,32.9,72.9,13.8,52.5,9.3,100
Semenyih,15/3/2024,2024-03-15T07:18:34,2024-03-15T19:24:27,29.1,33.3,26,33.8,77.5,10.7,54.8,8.8,100
Semenyih,16/3/2024,2024-03-16T07:18:12,2024-03-16T19:24:15,29.7,34.9,25.6,33.3,70.4,13,53.4,9.8,0
Semenyih,17/3/2024,2024-03-17T07:17:50,2024-03-17T19:24:03,28.9,34.7,24.2,32.4,75.2,11.7,53.1,9.8,0
Semenyih,18/3/2024,2024-03-18T07:17:28,2024-03-18T19:23:50,30,35,25.9,33.5,69.5,10.9,56.4,10.1,0
Semenyih,19/3/2024,2024-03-19T07:17:06,2024-03-19T19:23:37,30.1,35,26.9,34.9,71.7,11.8,52.1,9.6,0
Semenyih,20/3/2024,2024-03-20T07:16:43,2024-03-20T19:23:24,29.5,34.4,26.7,33.7,72.1,15.6,54.9,9.5,100
Semenyih,21/3/2024,2024-03-21T07:16:20,2024-03-21T19:23:11,29.5,33.9,26.3,33.4,71,10.5,55.5,9.8,100
Semenyih,22/3/2024,2024-03-22T07:15:57,2024-03-22T19:22:58,29.4,33.8,25.7,33.3,74.3,10.7,54.1,9.5,0
Semenyih,23/3/2024,2024-03-23T07:15:34,2024-03-23T19:22:45,29.8,34.8,26.2,33.9,70.8,11.8,48.1,10,0
Semenyih,24/3/2024,2024-03-24T07:15:12,2024-03-24T19:22:32,30,34.7,26.9,35.1,72.6,12.3,55.1,9.5,0
Semenyih,25/3/2024,2024-03-25T07:14:49,2024-03-25T19:22:19,29.8,35.1,26.5,35.2,75.5,11.6,53.2,8.9,100
Semenyih,26/3/2024,2024-03-26T07:14:25,2024-03-26T19:22:06,29.9,36,26.3,34.7,73.8,10.3,37.8,9.5,100
Semenyih,27/3/2024,2024-03-27T07:14:02,2024-03-27T19:21:53,29.1,35.7,26.6,33.3,76.5,15.5,36.9,9.6,100
Semenyih,28/3/2024,2024-03-28T07:13:39,2024-03-28T19:21:39,29.3,34.6,25,33.2,77.8,12.6,29.2,8.8,100
Semenyih,29/3/2024,2024-03-29T07:13:17,2024-03-29T19:21:26,29,35,24.8,32.4,77.7,15,30.2,9.5,100
Semenyih,30/3/2024,2024-03-30T07:12:54,2024-03-30T19:21:13,28.4,35,24.8,31.1,79.4,15.8,33.2,9,100
Semenyih,31/3/2024,2024-03-31T07:12:31,2024-03-31T19:21:00,27.5,33,24.8,30.6,85.7,11,28.1,9.2,100
Semenyih,1/4/2024,2024-04-01T07:12:08,2024-04-01T19:20:47,28.9,33.6,25.1,32.9,80.8,15.3,31.3,9,100
Semenyih,2/4/2024,2024-04-02T07:11:46,2024-04-02T19:20:35,29.5,33.6,25.8,35.6,80.4,12.2,37.1,9.4,100
Semenyih,3/4/2024,2024-04-03T07:11:23,2024-04-03T19:20:22,29.3,33.6,25.7,34.4,80,12.9,41.4,9.3,100
Semenyih,4/4/2024,2024-04-04T07:11:01,2024-04-04T19:20:10,28.4,33.3,25.9,33.1,83.2,13.5,37.4,9.1,100
Semenyih,5/4/2024,2024-04-05T07:10:39,2024-04-05T19:19:57,29.6,34.3,26.3,35.5,80.7,15,29,9.5,100
Semenyih,6/4/2024,2024-04-06T07:10:17,2024-04-06T19:19:45,29.8,34,26.3,35.1,78.8,11.7,26.7,9.1,100
Semenyih,7/4/2024,2024-04-07T07:09:55,2024-04-07T19:19:33,29.4,34.3,26.6,34.5,76.1,10.4,25.2,9,100
Semenyih,8/4/2024,2024-04-08T07:09:34,2024-04-08T19:19:22,28,30.1,26,32.2,83.8,6.7,38.8,7.3,100
Semenyih,9/4/2024,2024-04-09T07:09:13,2024-04-09T19:19:10,28.4,34.7,26,32.8,82.6,16.9,41,7.7,100
Semenyih,10/4/2024,2024-04-10T07:08:52,2024-04-10T19:18:59,28.4,32.8,26,32.5,84,11.7,41,8.2,100
Semenyih,11/4/2024,2024-04-11T07:08:31,2024-04-11T19:18:48,29.5,35,25,32.9,73.2,14.1,40.4,9.5,0
Semenyih,12/4/2024,2024-04-12T07:08:11,2024-04-12T19:18:38,29.2,35,25.2,33.1,76.4,8.1,34.4,9.4,0
Semenyih,13/4/2024,2024-04-13T07:07:51,2024-04-13T19:18:27,29,35,26,33.2,80.1,23.2,34.2,9.2,100
Semenyih,14/4/2024,2024-04-14T07:07:31,2024-04-14T19:18:17,28.5,35,26,31.6,82.7,11.8,33.1,9.2,0
Semenyih,15/4/2024,2024-04-15T07:07:12,2024-04-15T19:18:07,28.6,34.6,26,32.5,83.1,16,33.5,8.9,100
Semenyih,16/4/2024,2024-04-16T07:06:41,2024-04-16T19:17:41,33.86,33.88,30.82,40.86,80,1.19,99,10,100
Semenyih,17/4/2024,2024-04-17T07:06:23,2024-04-17T19:17:32,26.97,27.88,26.86,31.07,94,1.87,100,10,100
Semenyih,18/4/2024,2024-04-18T07:06:05,2024-04-18T19:17:24,28.78,30.77,24.21,33.16,75,2.18,100,10,100
Semenyih,19/4/2024,2024-04-19T07:05:59,2024-04-19T19:17:32,29.3,33,26,34.2,80.2,6.5,43,9.2,100
Semenyih,20/4/2024,2024-04-20T07:05:42,2024-04-20T19:17:24,28.6,33.3,26.3,33.6,83.3,8,39.4,9.2,100
Semenyih,21/4/2024,2024-04-21T07:05:25,2024-04-21T19:17:17,29.1,33.7,25.7,34.5,82.3,8.4,42,9.5,0
Semenyih,22/4/2024,2024-04-22T07:05:09,2024-04-22T19:17:10,28.7,33.6,26.3,34.2,85.8,8.4,32.2,9.2,100
Semenyih,23/4/2024,2024-04-23T07:04:53,2024-04-23T19:17:03,29.1,34,27,35.3,84.1,6.5,30,8.9,100
Semenyih,24/4/2024,2024-04-24T07:04:38,2024-04-24T19:16:57,28.4,32.6,26.6,32.9,84.7,5.8,32.6,10,100
Semenyih,29/4/2024,2024-04-29T07:03:22,2024-04-29T19:16:21,34.03,34.37,25.41,41.03,57,1.66,80,10,91.0
